,Nick,League Points,Total Games,Daily League Points,Daily Games,lolchess
0,랄까어이,286,88,57,1,https://lolchess.gg/profile/KR/랄까어이
1,지크보건배라민초,298,137,53,1,https://lolchess.gg/profile/KR/지크보건배라민초
2,Amiya Kugijjada,119,193,44,1,https://lolchess.gg/profile/KR/Amiya Kugijjada
3,일단내탓아니다,165,174,41,1,https://lolchess.gg/profile/KR/일단내탓아니다
4,미끌미끌미꾸라지,309,340,40,1,https://lolchess.gg/profile/KR/미끌미끌미꾸라지
5,TFT gooanil,130,290,38,1,https://lolchess.gg/profile/KR/TFT gooanil
6,Acro Nicole,536,264,34,1,https://lolchess.gg/profile/KR/Acro Nicole
7,잠이 드는 상상,128,236,31,1,https://lolchess.gg/profile/KR/잠이 드는 상상
8,패트롤원툴vv,58,153,30,1,https://lolchess.gg/profile/KR/패트롤원툴vv
9,strongsexy,658,255,20,1,https://lolchess.gg/profile/KR/strongsexy
10,아가돼지 남미,110,98,19,1,https://lolchess.gg/profile/KR/아가돼지 남미
11,닭뷰랄,51,184,12,1,https://lolchess.gg/profile/KR/닭뷰랄
12,청초한호빵,10,242,10,1,https://lolchess.gg/profile/KR/청초한호빵
13,크루엘 떤,10,158,10,1,https://lolchess.gg/profile/KR/크루엘 떤
14,TTVBebe872,1531,210,0,0,https://lolchess.gg/profile/KR/TTVBebe872
15,uL 빈틈,1246,150,0,0,https://lolchess.gg/profile/KR/uL 빈틈
16,1Chon,1146,217,0,0,https://lolchess.gg/profile/KR/1Chon
17,강선종,1033,247,0,0,https://lolchess.gg/profile/KR/강선종
18,쵸리네,1010,235,0,0,https://lolchess.gg/profile/KR/쵸리네
19,오박사TV,885,167,0,0,https://lolchess.gg/profile/KR/오박사TV
20,리롤을 잘 치는 타카기 양,873,173,0,0,https://lolchess.gg/profile/KR/리롤을 잘 치는 타카기 양
21,nywell,840,311,0,0,https://lolchess.gg/profile/KR/nywell
22,트위치 효구리,799,223,0,0,https://lolchess.gg/profile/KR/트위치 효구리
23,발바닥위에,789,262,0,0,https://lolchess.gg/profile/KR/발바닥위에
24,Acro 작은거인,787,198,0,0,https://lolchess.gg/profile/KR/Acro 작은거인
25,My Paradise,782,175,0,0,https://lolchess.gg/profile/KR/My Paradise
26,uL ZENIA,752,241,0,0,https://lolchess.gg/profile/KR/uL ZENIA
27,Acro 정재경,725,159,0,0,https://lolchess.gg/profile/KR/Acro 정재경
28,밀짚모자 쌍옆,721,121,0,0,https://lolchess.gg/profile/KR/밀짚모자 쌍옆
29,uL precel,689,273,0,0,https://lolchess.gg/profile/KR/uL precel
30,TwTF 엘무무,684,205,0,0,https://lolchess.gg/profile/KR/TwTF 엘무무
31,Acro uu,682,130,0,0,https://lolchess.gg/profile/KR/Acro uu
32,아갓어,678,237,0,0,https://lolchess.gg/profile/KR/아갓어
33,이렇게 좋은 날,649,126,0,0,https://lolchess.gg/profile/KR/이렇게 좋은 날
34,lllliililiilllli,587,157,0,0,https://lolchess.gg/profile/KR/lllliililiilllli
35,동찬1,572,207,0,0,https://lolchess.gg/profile/KR/동찬1
36,Elatha,571,254,0,0,https://lolchess.gg/profile/KR/Elatha
37,Acro 히츄,542,147,0,0,https://lolchess.gg/profile/KR/Acro 히츄
38,푸도로,542,228,0,0,https://lolchess.gg/profile/KR/푸도로
39,No Mid Kaisa Plz,539,91,0,0,https://lolchess.gg/profile/KR/No Mid Kaisa Plz
40,므네짱짱,533,188,0,0,https://lolchess.gg/profile/KR/므네짱짱
41,서아 사랑해,520,165,0,0,https://lolchess.gg/profile/KR/서아 사랑해
42,플인선,513,193,0,0,https://lolchess.gg/profile/KR/플인선
43,양심트리거,512,132,0,0,https://lolchess.gg/profile/KR/양심트리거
44,Trick C,512,248,0,0,https://lolchess.gg/profile/KR/Trick C
45,비읍이응치읓,512,130,0,0,https://lolchess.gg/profile/KR/비읍이응치읓
46,uL 깨룩,511,113,0,0,https://lolchess.gg/profile/KR/uL 깨룩
47,uL 판키,509,153,0,0,https://lolchess.gg/profile/KR/uL 판키
48,acro 상mini,508,179,0,0,https://lolchess.gg/profile/KR/acro 상mini
49,칼픽 다리,507,144,0,0,https://lolchess.gg/profile/KR/칼픽 다리
50,incheonfist,505,153,0,0,https://lolchess.gg/profile/KR/incheonfist
51,표 면,500,150,0,0,https://lolchess.gg/profile/KR/표 면
52,uL 벌비,472,191,0,0,https://lolchess.gg/profile/KR/uL 벌비
53,Gaross,471,126,0,0,https://lolchess.gg/profile/KR/Gaross
54,여리링,468,214,0,0,https://lolchess.gg/profile/KR/여리링
55,뿔보 정점 김뚜헝,461,212,0,0,https://lolchess.gg/profile/KR/뿔보 정점 김뚜헝
56,김강한2,456,252,0,0,https://lolchess.gg/profile/KR/김강한2
57,깔끔하고,448,51,0,0,https://lolchess.gg/profile/KR/깔끔하고
58,I Pray 4 U,447,172,0,0,https://lolchess.gg/profile/KR/I Pray 4 U
59,중수 모데카이저,432,248,0,0,https://lolchess.gg/profile/KR/중수 모데카이저
60,Hz 쁘보배,432,150,0,0,https://lolchess.gg/profile/KR/Hz 쁘보배
61,kimodd1,425,165,0,0,https://lolchess.gg/profile/KR/kimodd1
62,엠브로돈까스,424,223,0,0,https://lolchess.gg/profile/KR/엠브로돈까스
63,꼬마 근열맨,423,221,0,0,https://lolchess.gg/profile/KR/꼬마 근열맨
64,채수채수밭,421,230,0,0,https://lolchess.gg/profile/KR/채수채수밭
65,조정회,419,223,0,0,https://lolchess.gg/profile/KR/조정회
66,우리크,418,155,0,0,https://lolchess.gg/profile/KR/우리크
67,이미스,416,208,0,0,https://lolchess.gg/profile/KR/이미스
68,뚜 두,415,125,0,0,https://lolchess.gg/profile/KR/뚜 두
69,사랑을보키합니다,414,150,0,0,https://lolchess.gg/profile/KR/사랑을보키합니다
70,예능덱 프로듀서,413,118,0,0,https://lolchess.gg/profile/KR/예능덱 프로듀서
71,uL Pado,412,172,0,0,https://lolchess.gg/profile/KR/uL Pado
72,DH CNJ우쭐리우중,412,138,0,0,https://lolchess.gg/profile/KR/DH CNJ우쭐리우중
73,꼴픽이,408,165,0,0,https://lolchess.gg/profile/KR/꼴픽이
74,Teukhan,406,175,0,0,https://lolchess.gg/profile/KR/Teukhan
75,쌔로하자,403,223,0,0,https://lolchess.gg/profile/KR/쌔로하자
76,기무형진,399,285,0,0,https://lolchess.gg/profile/KR/기무형진
77,다우니아야해떠,393,175,0,0,https://lolchess.gg/profile/KR/다우니아야해떠
78,깎은사과,386,201,0,0,https://lolchess.gg/profile/KR/깎은사과
79,롤좀하는가,381,91,0,0,https://lolchess.gg/profile/KR/롤좀하는가
80,Day G,380,233,0,0,https://lolchess.gg/profile/KR/Day G
81,Koreanberry,375,168,0,0,https://lolchess.gg/profile/KR/Koreanberry
82,단간론파키리기리,373,149,0,0,https://lolchess.gg/profile/KR/단간론파키리기리
83,rkanswjs,371,182,0,0,https://lolchess.gg/profile/KR/rkanswjs
84,여고생 모순니,366,301,0,0,https://lolchess.gg/profile/KR/여고생 모순니
85,로디2,363,169,0,0,https://lolchess.gg/profile/KR/로디2
86,Keep U mine,360,155,0,0,https://lolchess.gg/profile/KR/Keep U mine
87,윤종기,356,125,0,0,https://lolchess.gg/profile/KR/윤종기
88,Aned,355,235,0,0,https://lolchess.gg/profile/KR/Aned
89,TFT 킹태종,350,114,0,0,https://lolchess.gg/profile/KR/TFT 킹태종
90,정 장,348,162,0,0,https://lolchess.gg/profile/KR/정 장
91,ezpacmanzz,345,90,0,0,https://lolchess.gg/profile/KR/ezpacmanzz
92,호 까,343,178,0,0,https://lolchess.gg/profile/KR/호 까
93,우찌TV,342,165,0,0,https://lolchess.gg/profile/KR/우찌TV
94,사이드간다,341,199,0,0,https://lolchess.gg/profile/KR/사이드간다
95,God Gyeom,340,107,0,0,https://lolchess.gg/profile/KR/God Gyeom
96,한비니즘,338,106,0,0,https://lolchess.gg/profile/KR/한비니즘
97,4sexy,337,207,0,0,https://lolchess.gg/profile/KR/4sexy
98,꼬마 나메,333,140,0,0,https://lolchess.gg/profile/KR/꼬마 나메
99,새벽녘 너를 보며,333,140,0,0,https://lolchess.gg/profile/KR/새벽녘 너를 보며
100,동수칸 fan,332,156,0,0,https://lolchess.gg/profile/KR/동수칸 fan
101,빠코TV,331,135,0,0,https://lolchess.gg/profile/KR/빠코TV
102,내꺼만봄,324,169,0,0,https://lolchess.gg/profile/KR/내꺼만봄
103,초콜렛공장,321,169,0,0,https://lolchess.gg/profile/KR/초콜렛공장
104,엉망진창 초구리,319,194,0,0,https://lolchess.gg/profile/KR/엉망진창 초구리
105,둉 민,319,133,0,0,https://lolchess.gg/profile/KR/둉 민
106,mymaster2,313,147,0,0,https://lolchess.gg/profile/KR/mymaster2
107,준석이준석,312,217,0,0,https://lolchess.gg/profile/KR/준석이준석
108,TwTF 김준민,312,199,0,0,https://lolchess.gg/profile/KR/TwTF 김준민
109,배 서,311,111,0,0,https://lolchess.gg/profile/KR/배 서
110,당근파 꼬봉 창훈,311,206,0,0,https://lolchess.gg/profile/KR/당근파 꼬봉 창훈
111,푸리에방정식2,310,183,0,0,https://lolchess.gg/profile/KR/푸리에방정식2
112,무 오,310,98,0,0,https://lolchess.gg/profile/KR/무 오
113,미쳐버린운빨,307,154,0,0,https://lolchess.gg/profile/KR/미쳐버린운빨
114,a hickey,305,185,0,0,https://lolchess.gg/profile/KR/a hickey
115,유미로널지켜줄게,305,118,0,0,https://lolchess.gg/profile/KR/유미로널지켜줄게
116,김 현 썬,305,191,0,0,https://lolchess.gg/profile/KR/김 현 썬
117,마 도나쓰 무봤나,304,130,0,0,https://lolchess.gg/profile/KR/마 도나쓰 무봤나
118,불사단,304,357,0,0,https://lolchess.gg/profile/KR/불사단
119,엉망진창 니얼굴,301,172,0,0,https://lolchess.gg/profile/KR/엉망진창 니얼굴
120,Jay Park fan,299,210,0,0,https://lolchess.gg/profile/KR/Jay Park fan
121,김밥처럼 넌 만두처럼 달콤해,297,137,0,0,https://lolchess.gg/profile/KR/김밥처럼 넌 만두처럼 달콤해
122,근데뻥,297,198,0,0,https://lolchess.gg/profile/KR/근데뻥
123,그냥이게맞아,296,134,0,0,https://lolchess.gg/profile/KR/그냥이게맞아
124,TwTF 쏭우,295,102,0,0,https://lolchess.gg/profile/KR/TwTF 쏭우
125,순뜨부,295,250,0,0,https://lolchess.gg/profile/KR/순뜨부
126,고려헬스클럽,294,101,0,0,https://lolchess.gg/profile/KR/고려헬스클럽
127,개소리 한소리,294,155,0,0,https://lolchess.gg/profile/KR/개소리 한소리
128,뀨북이,291,123,0,0,https://lolchess.gg/profile/KR/뀨북이
129,OH MY AH,289,194,0,0,https://lolchess.gg/profile/KR/OH MY AH
130,shungjinsoo,289,187,0,0,https://lolchess.gg/profile/KR/shungjinsoo
131,숩 in,288,170,0,0,https://lolchess.gg/profile/KR/숩 in
132,성연맨,287,119,0,0,https://lolchess.gg/profile/KR/성연맨
133,정예삐,287,136,0,0,https://lolchess.gg/profile/KR/정예삐
134,꼴픽이보고안배움,285,143,0,0,https://lolchess.gg/profile/KR/꼴픽이보고안배움
135,볼베형님큰형님,285,211,0,0,https://lolchess.gg/profile/KR/볼베형님큰형님
136,gochess,285,178,0,0,https://lolchess.gg/profile/KR/gochess
137,대성초,284,274,0,0,https://lolchess.gg/profile/KR/대성초
138,빌지워터의뒷골목,283,175,0,0,https://lolchess.gg/profile/KR/빌지워터의뒷골목
139,Gun Gang,281,72,0,0,https://lolchess.gg/profile/KR/Gun Gang
140,민첩사수,279,79,0,0,https://lolchess.gg/profile/KR/민첩사수
141,걸려걸려들었어,277,122,0,0,https://lolchess.gg/profile/KR/걸려걸려들었어
142,dunezune,276,120,0,0,https://lolchess.gg/profile/KR/dunezune
143,Hz 카지노딜러,275,176,0,0,https://lolchess.gg/profile/KR/Hz 카지노딜러
144,롯데리아보단맥날,274,117,0,0,https://lolchess.gg/profile/KR/롯데리아보단맥날
145,바나나코,274,103,0,0,https://lolchess.gg/profile/KR/바나나코
146,억까존내당하는중,273,113,0,0,https://lolchess.gg/profile/KR/억까존내당하는중
147,응애 나 애기보리,272,163,0,0,https://lolchess.gg/profile/KR/응애 나 애기보리
148,맛없는오렌지,272,108,0,0,https://lolchess.gg/profile/KR/맛없는오렌지
149,몰라요한국말,272,218,0,0,https://lolchess.gg/profile/KR/몰라요한국말
150,설빙봉 ,271,265,0,0,https://lolchess.gg/profile/KR/설빙봉 
151,극악무도 복실이,271,138,0,0,https://lolchess.gg/profile/KR/극악무도 복실이
152,갑툭튀헤카림,270,304,0,0,https://lolchess.gg/profile/KR/갑툭튀헤카림
153,Harlow J,267,169,0,0,https://lolchess.gg/profile/KR/Harlow J
154,덕소나몽이,266,229,0,0,https://lolchess.gg/profile/KR/덕소나몽이
155,스즈미야서동혐의우울,265,125,0,0,https://lolchess.gg/profile/KR/스즈미야서동혐의우울
156,즐겜하는 노마딕,264,138,0,0,https://lolchess.gg/profile/KR/즐겜하는 노마딕
157,타릭타릭,264,108,0,0,https://lolchess.gg/profile/KR/타릭타릭
158,dunizuni,263,199,0,0,https://lolchess.gg/profile/KR/dunizuni
159,집값폭등 문재인,260,92,0,0,https://lolchess.gg/profile/KR/집값폭등 문재인
160,순방요정,260,84,0,0,https://lolchess.gg/profile/KR/순방요정
161,롤체김병만,260,200,0,0,https://lolchess.gg/profile/KR/롤체김병만
162,Do Our Utmost,257,277,0,0,https://lolchess.gg/profile/KR/Do Our Utmost
163,정동글 YouTube,256,86,0,0,https://lolchess.gg/profile/KR/정동글 YouTube
164,우리할수있잖아,255,133,0,0,https://lolchess.gg/profile/KR/우리할수있잖아
165,Tilted,255,134,0,0,https://lolchess.gg/profile/KR/Tilted
166,다 잘될고양이,250,137,0,0,https://lolchess.gg/profile/KR/다 잘될고양이
167,콩대congdae,249,149,0,0,https://lolchess.gg/profile/KR/콩대congdae
168,김도칠,247,174,0,0,https://lolchess.gg/profile/KR/김도칠
169,서강대영미어문,246,114,0,0,https://lolchess.gg/profile/KR/서강대영미어문
170,Twitch 카시장인,245,122,0,0,https://lolchess.gg/profile/KR/Twitch 카시장인
171,엉망진창 김대규,245,149,0,0,https://lolchess.gg/profile/KR/엉망진창 김대규
172,KinNiDa,244,80,0,0,https://lolchess.gg/profile/KR/KinNiDa
173,TFT 화려강산,244,152,0,0,https://lolchess.gg/profile/KR/TFT 화려강산
174,마르하바,243,150,0,0,https://lolchess.gg/profile/KR/마르하바
175,귀여운민찌,243,232,0,0,https://lolchess.gg/profile/KR/귀여운민찌
176,윤경누나,241,146,0,0,https://lolchess.gg/profile/KR/윤경누나
177,겹쳐도 절대 안 뺌 ,239,111,0,0,https://lolchess.gg/profile/KR/겹쳐도 절대 안 뺌 
178,우르르까꿍,239,142,0,0,https://lolchess.gg/profile/KR/우르르까꿍
179,뀨서누,236,237,0,0,https://lolchess.gg/profile/KR/뀨서누
180,최전방 즐라탄 이브라히모비치,236,73,0,0,https://lolchess.gg/profile/KR/최전방 즐라탄 이브라히모비치
181,유석현 분쇄기,235,129,0,0,https://lolchess.gg/profile/KR/유석현 분쇄기
182,영판항,235,106,0,0,https://lolchess.gg/profile/KR/영판항
183,지점토찰흙,232,149,0,0,https://lolchess.gg/profile/KR/지점토찰흙
184,금먹는금붕어,232,127,0,0,https://lolchess.gg/profile/KR/금먹는금붕어
185,diay,232,116,0,0,https://lolchess.gg/profile/KR/diay
186,자이라 고수,230,98,0,0,https://lolchess.gg/profile/KR/자이라 고수
187,김철회,230,169,0,0,https://lolchess.gg/profile/KR/김철회
188,발광자,229,250,0,0,https://lolchess.gg/profile/KR/발광자
189,병빡이,229,248,0,0,https://lolchess.gg/profile/KR/병빡이
190,Hwj,229,191,0,0,https://lolchess.gg/profile/KR/Hwj
191,AFTV 삼디,229,190,0,0,https://lolchess.gg/profile/KR/AFTV 삼디
192,따갚되,229,169,0,0,https://lolchess.gg/profile/KR/따갚되
193,자타공인회계사,229,107,0,0,https://lolchess.gg/profile/KR/자타공인회계사
194,Ryunet,228,137,0,0,https://lolchess.gg/profile/KR/Ryunet
195,달빛과 바다,227,120,0,0,https://lolchess.gg/profile/KR/달빛과 바다
196,주경찬,227,250,0,0,https://lolchess.gg/profile/KR/주경찬
197,아냐는 땅콩 좋아,227,147,0,0,https://lolchess.gg/profile/KR/아냐는 땅콩 좋아
198,잭스카운터뽀삐,226,305,0,0,https://lolchess.gg/profile/KR/잭스카운터뽀삐
199,위장티어,226,216,0,0,https://lolchess.gg/profile/KR/위장티어
200,hz 홧또,226,129,0,0,https://lolchess.gg/profile/KR/hz 홧또
201,수 갓,225,111,0,0,https://lolchess.gg/profile/KR/수 갓
202,요르르륵,224,106,0,0,https://lolchess.gg/profile/KR/요르르륵
203,조유리즈 비까리,224,122,0,0,https://lolchess.gg/profile/KR/조유리즈 비까리
204,탐스런복숭아,223,102,0,0,https://lolchess.gg/profile/KR/탐스런복숭아
205,그런편이야,221,148,0,0,https://lolchess.gg/profile/KR/그런편이야
206,훈 순,221,98,0,0,https://lolchess.gg/profile/KR/훈 순
207,Evoprim,221,110,0,0,https://lolchess.gg/profile/KR/Evoprim
208,팀운진짜좋음,221,90,0,0,https://lolchess.gg/profile/KR/팀운진짜좋음
209,DG는게꿈이니,220,147,0,0,https://lolchess.gg/profile/KR/DG는게꿈이니
210,Crypto,219,107,0,0,https://lolchess.gg/profile/KR/Crypto
211,으르신말씀,218,125,0,0,https://lolchess.gg/profile/KR/으르신말씀
212,겸뱅이,218,174,0,0,https://lolchess.gg/profile/KR/겸뱅이
213,명짜이,218,150,0,0,https://lolchess.gg/profile/KR/명짜이
214,이수피 팬,217,185,0,0,https://lolchess.gg/profile/KR/이수피 팬
215,정말 귀여워요,217,152,0,0,https://lolchess.gg/profile/KR/정말 귀여워요
216,향모야,217,113,0,0,https://lolchess.gg/profile/KR/향모야
217,레아 00,216,140,0,0,https://lolchess.gg/profile/KR/레아 00
218,불암초척추분쇄기,216,149,0,0,https://lolchess.gg/profile/KR/불암초척추분쇄기
219,koheu,214,147,0,0,https://lolchess.gg/profile/KR/koheu
220,lojpm,213,165,0,0,https://lolchess.gg/profile/KR/lojpm
221,TGSPaladin,213,206,0,0,https://lolchess.gg/profile/KR/TGSPaladin
222,Not Ordinary,212,131,0,0,https://lolchess.gg/profile/KR/Not Ordinary
223,찌녕이야,212,138,0,0,https://lolchess.gg/profile/KR/찌녕이야
224,내 딸 다이애나,212,213,0,0,https://lolchess.gg/profile/KR/내 딸 다이애나
225,야생녀,212,109,0,0,https://lolchess.gg/profile/KR/야생녀
226,롤체어려운사람,211,290,0,0,https://lolchess.gg/profile/KR/롤체어려운사람
227,지보배,211,113,0,0,https://lolchess.gg/profile/KR/지보배
228,꼬마 커비,211,122,0,0,https://lolchess.gg/profile/KR/꼬마 커비
229,마이 그브 벡스,211,140,0,0,https://lolchess.gg/profile/KR/마이 그브 벡스
230,simsun7,211,112,0,0,https://lolchess.gg/profile/KR/simsun7
231,란란런,210,223,0,0,https://lolchess.gg/profile/KR/란란런
232,Mandrain,209,127,0,0,https://lolchess.gg/profile/KR/Mandrain
233,억까쟁이,209,179,0,0,https://lolchess.gg/profile/KR/억까쟁이
234,9ood bye,209,275,0,0,https://lolchess.gg/profile/KR/9ood bye
235,노래하는쭌,209,194,0,0,https://lolchess.gg/profile/KR/노래하는쭌
236,fne,209,112,0,0,https://lolchess.gg/profile/KR/fne
237,T33MO,209,165,0,0,https://lolchess.gg/profile/KR/T33MO
238,Soldering,208,175,0,0,https://lolchess.gg/profile/KR/Soldering
239,DiIlrose,208,183,0,0,https://lolchess.gg/profile/KR/DiIlrose
240,엉망진창 손격,208,208,0,0,https://lolchess.gg/profile/KR/엉망진창 손격
241,hicost,207,81,0,0,https://lolchess.gg/profile/KR/hicost
242,트위치 나린,207,93,0,0,https://lolchess.gg/profile/KR/트위치 나린
243,곽희영 공주 ,207,136,0,0,https://lolchess.gg/profile/KR/곽희영 공주 
244,꼬마 말랑,206,151,0,0,https://lolchess.gg/profile/KR/꼬마 말랑
245,명품캐시할인,204,167,0,0,https://lolchess.gg/profile/KR/명품캐시할인
246,세나릴,204,208,0,0,https://lolchess.gg/profile/KR/세나릴
247,사월에,204,243,0,0,https://lolchess.gg/profile/KR/사월에
248,You Kn0w What,204,68,0,0,https://lolchess.gg/profile/KR/You Kn0w What
249,베인 OuO b,204,136,0,0,https://lolchess.gg/profile/KR/베인 OuO b
250,리플평단 1430,203,81,0,0,https://lolchess.gg/profile/KR/리플평단 1430
251,민 떠,203,164,0,0,https://lolchess.gg/profile/KR/민 떠
252,cucua1,201,253,0,0,https://lolchess.gg/profile/KR/cucua1
253,행복한 시바,201,174,0,0,https://lolchess.gg/profile/KR/행복한 시바
254,twitch 초신성,201,155,0,0,https://lolchess.gg/profile/KR/twitch 초신성
255,나는 짹,201,161,0,0,https://lolchess.gg/profile/KR/나는 짹
256,uL 호준,201,116,0,0,https://lolchess.gg/profile/KR/uL 호준
257,Moeru Hana,201,180,0,0,https://lolchess.gg/profile/KR/Moeru Hana
258,Japan Mango,201,113,0,0,https://lolchess.gg/profile/KR/Japan Mango
259,Absolute 찬,200,204,0,0,https://lolchess.gg/profile/KR/Absolute 찬
260,단검에 순보,200,123,0,0,https://lolchess.gg/profile/KR/단검에 순보
261,Kimdarlim,200,112,0,0,https://lolchess.gg/profile/KR/Kimdarlim
262,탱글제비,194,175,0,0,https://lolchess.gg/profile/KR/탱글제비
263,IVE 11,192,209,0,0,https://lolchess.gg/profile/KR/IVE 11
264,헬로woo,192,175,0,0,https://lolchess.gg/profile/KR/헬로woo
265,고속버스꼬북이,190,232,0,0,https://lolchess.gg/profile/KR/고속버스꼬북이
266,꼬마 아서,190,133,0,0,https://lolchess.gg/profile/KR/꼬마 아서
267,박 휘 동,189,91,0,0,https://lolchess.gg/profile/KR/박 휘 동
268,방배동파퀴아오,189,121,0,0,https://lolchess.gg/profile/KR/방배동파퀴아오
269,TFT 구구가가,187,299,0,0,https://lolchess.gg/profile/KR/TFT 구구가가
270,The Sign,187,133,0,0,https://lolchess.gg/profile/KR/The Sign
271,호호재재,187,194,0,0,https://lolchess.gg/profile/KR/호호재재
272,제이허니,186,228,0,0,https://lolchess.gg/profile/KR/제이허니
273,저녁은 저년이야,184,97,0,0,https://lolchess.gg/profile/KR/저녁은 저년이야
274,Yonezu Kenshi,184,124,0,0,https://lolchess.gg/profile/KR/Yonezu Kenshi
275,피야노,182,150,0,0,https://lolchess.gg/profile/KR/피야노
276,모드리춘,181,176,0,0,https://lolchess.gg/profile/KR/모드리춘
277,북경아기삵,180,173,0,0,https://lolchess.gg/profile/KR/북경아기삵
278,퐁당 빠져버렷어,177,163,0,0,https://lolchess.gg/profile/KR/퐁당 빠져버렷어
279,behappy0504,176,174,0,0,https://lolchess.gg/profile/KR/behappy0504
280,적사스오,174,147,0,0,https://lolchess.gg/profile/KR/적사스오
281,빙이는 공주야,172,160,0,0,https://lolchess.gg/profile/KR/빙이는 공주야
282,장유보안관,172,139,0,0,https://lolchess.gg/profile/KR/장유보안관
283,조 득,172,247,0,0,https://lolchess.gg/profile/KR/조 득
284,10조동화,168,96,0,0,https://lolchess.gg/profile/KR/10조동화
285,데이터분석완료,168,143,0,0,https://lolchess.gg/profile/KR/데이터분석완료
286,내가 그때 널 잡았더라면,167,148,0,0,https://lolchess.gg/profile/KR/내가 그때 널 잡았더라면
287,싱싱싱싱,167,213,0,0,https://lolchess.gg/profile/KR/싱싱싱싱
288,두니가 제일잘함,166,244,0,0,https://lolchess.gg/profile/KR/두니가 제일잘함
289,올빼미형인간,164,117,0,0,https://lolchess.gg/profile/KR/올빼미형인간
290,내가 문제다,163,257,0,0,https://lolchess.gg/profile/KR/내가 문제다
291,33435,162,77,0,0,https://lolchess.gg/profile/KR/33435
292,OH MY EYE,162,80,0,0,https://lolchess.gg/profile/KR/OH MY EYE
293,김해 류호성,162,221,0,0,https://lolchess.gg/profile/KR/김해 류호성
294,lAB STUDIO,161,126,0,0,https://lolchess.gg/profile/KR/lAB STUDIO
295,김홍관,161,201,0,0,https://lolchess.gg/profile/KR/김홍관
296,스킬찍찍찍,160,146,0,0,https://lolchess.gg/profile/KR/스킬찍찍찍
297,BJ 김동오,160,153,0,0,https://lolchess.gg/profile/KR/BJ 김동오
298,홈카페프렌즈,159,168,0,0,https://lolchess.gg/profile/KR/홈카페프렌즈
299,롤 체 폐 인 남,158,144,0,0,https://lolchess.gg/profile/KR/롤 체 폐 인 남
300,숲들숲들,158,119,0,0,https://lolchess.gg/profile/KR/숲들숲들
301,대 깨,157,239,0,0,https://lolchess.gg/profile/KR/대 깨
302,명예4레벨,156,174,0,0,https://lolchess.gg/profile/KR/명예4레벨
303,PingPingPong,156,145,0,0,https://lolchess.gg/profile/KR/PingPingPong
304,비잉빙돌아가는,156,98,0,0,https://lolchess.gg/profile/KR/비잉빙돌아가는
305,TOP SOLO KlNG,154,158,0,0,https://lolchess.gg/profile/KR/TOP SOLO KlNG
306,이지은금동,154,103,0,0,https://lolchess.gg/profile/KR/이지은금동
307,lIlIIllIlllIlIll,153,94,0,0,https://lolchess.gg/profile/KR/lIlIIllIlllIlIll
308,부감 촬영,152,146,0,0,https://lolchess.gg/profile/KR/부감 촬영
309,와라이오니,152,138,0,0,https://lolchess.gg/profile/KR/와라이오니
310,협찰찰찰,152,152,0,0,https://lolchess.gg/profile/KR/협찰찰찰
311,hipii,152,107,0,0,https://lolchess.gg/profile/KR/hipii
312,안혁준2,151,145,0,0,https://lolchess.gg/profile/KR/안혁준2
313,꼬마 고고개미,150,162,0,0,https://lolchess.gg/profile/KR/꼬마 고고개미
314,최상의 폼,150,237,0,0,https://lolchess.gg/profile/KR/최상의 폼
315,금발태닝안정현,150,270,0,0,https://lolchess.gg/profile/KR/금발태닝안정현
316,싼타할매,149,202,0,0,https://lolchess.gg/profile/KR/싼타할매
317,엉망진창 보리님,149,183,0,0,https://lolchess.gg/profile/KR/엉망진창 보리님
318,꼬니는사랑입니다,149,84,0,0,https://lolchess.gg/profile/KR/꼬니는사랑입니다
319,던파정공,149,190,0,0,https://lolchess.gg/profile/KR/던파정공
320,mmaki,147,215,0,0,https://lolchess.gg/profile/KR/mmaki
321,팡윤승,146,84,0,0,https://lolchess.gg/profile/KR/팡윤승
322,심장이쿵했다,146,107,0,0,https://lolchess.gg/profile/KR/심장이쿵했다
323,차두라리스크,144,247,0,0,https://lolchess.gg/profile/KR/차두라리스크
324,허니비 YouTube,143,213,0,0,https://lolchess.gg/profile/KR/허니비 YouTube
325,초콜렛공장부사장,143,118,0,0,https://lolchess.gg/profile/KR/초콜렛공장부사장
326,Deception,143,141,0,0,https://lolchess.gg/profile/KR/Deception
327,여성청결제,141,180,0,0,https://lolchess.gg/profile/KR/여성청결제
328,꼬마 현누당,140,145,0,0,https://lolchess.gg/profile/KR/꼬마 현누당
329,꼬마 밥사,140,226,0,0,https://lolchess.gg/profile/KR/꼬마 밥사
330,아흑팡,139,278,0,0,https://lolchess.gg/profile/KR/아흑팡
331,혈통좋은사람,137,145,0,0,https://lolchess.gg/profile/KR/혈통좋은사람
332,경이보고배움,137,284,0,0,https://lolchess.gg/profile/KR/경이보고배움
333,민보배2,137,71,0,0,https://lolchess.gg/profile/KR/민보배2
334,영돌이,137,128,0,0,https://lolchess.gg/profile/KR/영돌이
335,KT 영어선생님,137,123,0,0,https://lolchess.gg/profile/KR/KT 영어선생님
336,시작하면muteall,137,217,0,0,https://lolchess.gg/profile/KR/시작하면muteall
337,Wonder la der la,136,125,0,0,https://lolchess.gg/profile/KR/Wonder la der la
338,fhfcpdnlgoaksems,136,170,0,0,https://lolchess.gg/profile/KR/fhfcpdnlgoaksems
339,Crimesays,135,174,0,0,https://lolchess.gg/profile/KR/Crimesays
340,TwTF 상로쿠,134,116,0,0,https://lolchess.gg/profile/KR/TwTF 상로쿠
341,연 장 점,133,300,0,0,https://lolchess.gg/profile/KR/연 장 점
342,참새현,133,228,0,0,https://lolchess.gg/profile/KR/참새현
343,aveugIe,133,163,0,0,https://lolchess.gg/profile/KR/aveugIe
344,겸댕뿌잉,132,75,0,0,https://lolchess.gg/profile/KR/겸댕뿌잉
345,보슬비,132,140,0,0,https://lolchess.gg/profile/KR/보슬비
346,명품서폿나재한,131,189,0,0,https://lolchess.gg/profile/KR/명품서폿나재한
347,스미노프,130,96,0,0,https://lolchess.gg/profile/KR/스미노프
348,가슴큰 여자가 짱,130,259,0,0,https://lolchess.gg/profile/KR/가슴큰 여자가 짱
349,WinMo,129,134,0,0,https://lolchess.gg/profile/KR/WinMo
350,맥주먹다 다친 훈,129,136,0,0,https://lolchess.gg/profile/KR/맥주먹다 다친 훈
351,unlord,128,109,0,0,https://lolchess.gg/profile/KR/unlord
352,네네네네네대폭주,128,145,0,0,https://lolchess.gg/profile/KR/네네네네네대폭주
353,Stiis,128,141,0,0,https://lolchess.gg/profile/KR/Stiis
354,4a4a4a4a4a4a,127,167,0,0,https://lolchess.gg/profile/KR/4a4a4a4a4a4a
355,백숭민,126,136,0,0,https://lolchess.gg/profile/KR/백숭민
356,돌돌잭,126,178,0,0,https://lolchess.gg/profile/KR/돌돌잭
357,난몰라,125,97,0,0,https://lolchess.gg/profile/KR/난몰라
358,ShrimpVicious,125,90,0,0,https://lolchess.gg/profile/KR/ShrimpVicious
359,유농농이,125,118,0,0,https://lolchess.gg/profile/KR/유농농이
360,순 바,125,163,0,0,https://lolchess.gg/profile/KR/순 바
361,남부지소,124,163,0,0,https://lolchess.gg/profile/KR/남부지소
362,벚꽃s,124,180,0,0,https://lolchess.gg/profile/KR/벚꽃s
363,비타민먹기싫어,124,126,0,0,https://lolchess.gg/profile/KR/비타민먹기싫어
364,따뜻한 만찐두빵,123,110,0,0,https://lolchess.gg/profile/KR/따뜻한 만찐두빵
365,호빵맨지환이,123,201,0,0,https://lolchess.gg/profile/KR/호빵맨지환이
366,Twitch 라드갓님,123,160,0,0,https://lolchess.gg/profile/KR/Twitch 라드갓님
367,짜 태,122,106,0,0,https://lolchess.gg/profile/KR/짜 태
368,김치현민,122,124,0,0,https://lolchess.gg/profile/KR/김치현민
369,경기도올,122,82,0,0,https://lolchess.gg/profile/KR/경기도올
370,광어콩,122,158,0,0,https://lolchess.gg/profile/KR/광어콩
371,이세사범,122,96,0,0,https://lolchess.gg/profile/KR/이세사범
372,꼬마 두억시니,122,126,0,0,https://lolchess.gg/profile/KR/꼬마 두억시니
373,안녕하세 연두,122,243,0,0,https://lolchess.gg/profile/KR/안녕하세 연두
374,루트10,121,57,0,0,https://lolchess.gg/profile/KR/루트10
375,꾸 당 앙,120,226,0,0,https://lolchess.gg/profile/KR/꾸 당 앙
376,탈론 대깨,120,139,0,0,https://lolchess.gg/profile/KR/탈론 대깨
377,Noxian Crow,120,161,0,0,https://lolchess.gg/profile/KR/Noxian Crow
378,592910,119,122,0,0,https://lolchess.gg/profile/KR/592910
379,띵 땡,119,203,0,0,https://lolchess.gg/profile/KR/띵 땡
380,나숑이,119,83,0,0,https://lolchess.gg/profile/KR/나숑이
381,내가오거마법사다,119,142,0,0,https://lolchess.gg/profile/KR/내가오거마법사다
382,빠파미떼,118,141,0,0,https://lolchess.gg/profile/KR/빠파미떼
383,vvvvvwwvwvwvw,118,167,0,0,https://lolchess.gg/profile/KR/vvvvvwwvwvwvw
384,흉포한 늑대,116,169,0,0,https://lolchess.gg/profile/KR/흉포한 늑대
385,장주현,116,249,0,0,https://lolchess.gg/profile/KR/장주현
386,이갓봉,116,104,0,0,https://lolchess.gg/profile/KR/이갓봉
387,준처님,115,89,0,0,https://lolchess.gg/profile/KR/준처님
388,모구모구 딸기맛,115,171,0,0,https://lolchess.gg/profile/KR/모구모구 딸기맛
389,저격마스터윤태훈,114,87,0,0,https://lolchess.gg/profile/KR/저격마스터윤태훈
390,아메리카노 쪼아,113,175,0,0,https://lolchess.gg/profile/KR/아메리카노 쪼아
391,LEE DONNA,113,157,0,0,https://lolchess.gg/profile/KR/LEE DONNA
392,김기현짱멋져,113,127,0,0,https://lolchess.gg/profile/KR/김기현짱멋져
393,널사Lo,112,168,0,0,https://lolchess.gg/profile/KR/널사Lo
394,주영호,111,212,0,0,https://lolchess.gg/profile/KR/주영호
395,팀 플레이어,111,228,0,0,https://lolchess.gg/profile/KR/팀 플레이어
396,isaac11,111,170,0,0,https://lolchess.gg/profile/KR/isaac11
397,저는 모릅니다,110,122,0,0,https://lolchess.gg/profile/KR/저는 모릅니다
398,Ccrespo,110,127,0,0,https://lolchess.gg/profile/KR/Ccrespo
399,오빠난채팅안해,109,228,0,0,https://lolchess.gg/profile/KR/오빠난채팅안해
400,cowall,109,103,0,0,https://lolchess.gg/profile/KR/cowall
401,ASAPASAPASAPASAP,109,100,0,0,https://lolchess.gg/profile/KR/ASAPASAPASAPASAP
402,uL 또리,108,88,0,0,https://lolchess.gg/profile/KR/uL 또리
403,Kanata Ch,108,97,0,0,https://lolchess.gg/profile/KR/Kanata Ch
404,쪼해피롱,108,174,0,0,https://lolchess.gg/profile/KR/쪼해피롱
405,다냥냥,107,185,0,0,https://lolchess.gg/profile/KR/다냥냥
406,3성 문다은,106,183,0,0,https://lolchess.gg/profile/KR/3성 문다은
407,사건의 특이점,105,179,0,0,https://lolchess.gg/profile/KR/사건의 특이점
408,Rhane,103,133,0,0,https://lolchess.gg/profile/KR/Rhane
409,놈 지 ,103,155,0,0,https://lolchess.gg/profile/KR/놈 지 
410,King경운s,102,177,0,0,https://lolchess.gg/profile/KR/King경운s
411,Choa2,102,221,0,0,https://lolchess.gg/profile/KR/Choa2
412,지로        지로,102,204,0,0,https://lolchess.gg/profile/KR/지로        지로
413,HooDBoY,102,93,0,0,https://lolchess.gg/profile/KR/HooDBoY
414,X윤석열X,101,131,0,0,https://lolchess.gg/profile/KR/X윤석열X
415,Oreoreoreoreoreo,101,171,0,0,https://lolchess.gg/profile/KR/Oreoreoreoreoreo
416,PopArt,100,88,0,0,https://lolchess.gg/profile/KR/PopArt
417,탑이지면탑차이야,98,118,0,0,https://lolchess.gg/profile/KR/탑이지면탑차이야
418,지구미 예나,98,154,0,0,https://lolchess.gg/profile/KR/지구미 예나
419,쨔우킹,98,80,0,0,https://lolchess.gg/profile/KR/쨔우킹
420,춘천감자맨,98,148,0,0,https://lolchess.gg/profile/KR/춘천감자맨
421,밥사랑,98,176,0,0,https://lolchess.gg/profile/KR/밥사랑
422,착한여자,97,160,0,0,https://lolchess.gg/profile/KR/착한여자
423,퓨얼스,96,159,0,0,https://lolchess.gg/profile/KR/퓨얼스
424,두렁두렁 두렁이,96,135,0,0,https://lolchess.gg/profile/KR/두렁두렁 두렁이
425,무지성 운영,95,166,0,0,https://lolchess.gg/profile/KR/무지성 운영
426,핑크다이아몬드,95,141,0,0,https://lolchess.gg/profile/KR/핑크다이아몬드
427,용원부계,94,87,0,0,https://lolchess.gg/profile/KR/용원부계
428,9호선흑석역,94,99,0,0,https://lolchess.gg/profile/KR/9호선흑석역
429,몹시공격적인사람,94,234,0,0,https://lolchess.gg/profile/KR/몹시공격적인사람
430,05모델지망생,94,161,0,0,https://lolchess.gg/profile/KR/05모델지망생
431,케 시,93,121,0,0,https://lolchess.gg/profile/KR/케 시
432,Chaos Buck,92,173,0,0,https://lolchess.gg/profile/KR/Chaos Buck
433,딩뎅동당,91,100,0,0,https://lolchess.gg/profile/KR/딩뎅동당
434,빵지크,91,155,0,0,https://lolchess.gg/profile/KR/빵지크
435,토마토맛집토론토,91,146,0,0,https://lolchess.gg/profile/KR/토마토맛집토론토
436,뚜 빠,91,224,0,0,https://lolchess.gg/profile/KR/뚜 빠
437,과 랑,91,236,0,0,https://lolchess.gg/profile/KR/과 랑
438,지이루우,91,185,0,0,https://lolchess.gg/profile/KR/지이루우
439,오소리팔,90,224,0,0,https://lolchess.gg/profile/KR/오소리팔
440,vlelrk123,90,196,0,0,https://lolchess.gg/profile/KR/vlelrk123
441,경 휘,90,334,0,0,https://lolchess.gg/profile/KR/경 휘
442,비누주워드려요,90,111,0,0,https://lolchess.gg/profile/KR/비누주워드려요
443, 쓰레쉬 좋아,89,94,0,0,https://lolchess.gg/profile/KR/ 쓰레쉬 좋아
444,블고수,87,170,0,0,https://lolchess.gg/profile/KR/블고수
445,찌눙씌,87,170,0,0,https://lolchess.gg/profile/KR/찌눙씌
446,정글안주면트롤,87,121,0,0,https://lolchess.gg/profile/KR/정글안주면트롤
447,가볍게올라간다,87,185,0,0,https://lolchess.gg/profile/KR/가볍게올라간다
448,시온하다,86,76,0,0,https://lolchess.gg/profile/KR/시온하다
449,재벌2세 얼굴천재,86,315,0,0,https://lolchess.gg/profile/KR/재벌2세 얼굴천재
450,소셜책,86,155,0,0,https://lolchess.gg/profile/KR/소셜책
451,오리뚜,85,186,0,0,https://lolchess.gg/profile/KR/오리뚜
452,유연한 accident,85,150,0,0,https://lolchess.gg/profile/KR/유연한 accident
453,Posible,84,236,0,0,https://lolchess.gg/profile/KR/Posible
454,암살자 무한의대검,84,50,0,0,https://lolchess.gg/profile/KR/암살자 무한의대검
455,New A New M,83,206,0,0,https://lolchess.gg/profile/KR/New A New M
456,계 패,83,152,0,0,https://lolchess.gg/profile/KR/계 패
457,KT   DY,83,105,0,0,https://lolchess.gg/profile/KR/KT   DY
458,NaruK,82,278,0,0,https://lolchess.gg/profile/KR/NaruK
459,백전로장,82,59,0,0,https://lolchess.gg/profile/KR/백전로장
460,uL 귤이,82,156,0,0,https://lolchess.gg/profile/KR/uL 귤이
461,YingXuanZZ,80,327,0,0,https://lolchess.gg/profile/KR/YingXuanZZ
462,시원한 바람처럼 너 불어와,80,203,0,0,https://lolchess.gg/profile/KR/시원한 바람처럼 너 불어와
463,드로우갓겜,80,143,0,0,https://lolchess.gg/profile/KR/드로우갓겜
464,짹짹이는 귀여워,79,85,0,0,https://lolchess.gg/profile/KR/짹짹이는 귀여워
465,kissphs,79,121,0,0,https://lolchess.gg/profile/KR/kissphs
466,깨멍 Youtube,79,149,0,0,https://lolchess.gg/profile/KR/깨멍 Youtube
467,하앙짜릿행,78,123,0,0,https://lolchess.gg/profile/KR/하앙짜릿행
468,해설왕봉달이,78,284,0,0,https://lolchess.gg/profile/KR/해설왕봉달이
469,에 폐,78,165,0,0,https://lolchess.gg/profile/KR/에 폐
470,잠원호랑이,77,187,0,0,https://lolchess.gg/profile/KR/잠원호랑이
471,헬스덱연구소,77,62,0,0,https://lolchess.gg/profile/KR/헬스덱연구소
472,DragonBa11,76,103,0,0,https://lolchess.gg/profile/KR/DragonBa11
473,bardias,75,147,0,0,https://lolchess.gg/profile/KR/bardias
474,도롱뇽랜드,75,124,0,0,https://lolchess.gg/profile/KR/도롱뇽랜드
475,성 난 앵즙,75,198,0,0,https://lolchess.gg/profile/KR/성 난 앵즙
476,임댕댕,75,78,0,0,https://lolchess.gg/profile/KR/임댕댕
477,KGE,75,79,0,0,https://lolchess.gg/profile/KR/KGE
478,암 얼웨이즈 허슬,75,190,0,0,https://lolchess.gg/profile/KR/암 얼웨이즈 허슬
479,euro,74,228,0,0,https://lolchess.gg/profile/KR/euro
480,Aashan,72,183,0,0,https://lolchess.gg/profile/KR/Aashan
481,양대님,72,181,0,0,https://lolchess.gg/profile/KR/양대님
482,밍키밍밍,72,206,0,0,https://lolchess.gg/profile/KR/밍키밍밍
483,원딜 OI즈리얼,72,179,0,0,https://lolchess.gg/profile/KR/원딜 OI즈리얼
484,졸나미,71,86,0,0,https://lolchess.gg/profile/KR/졸나미
485,너만 좋다면,71,151,0,0,https://lolchess.gg/profile/KR/너만 좋다면
486,록 찬,70,228,0,0,https://lolchess.gg/profile/KR/록 찬
487,구지금,70,215,0,0,https://lolchess.gg/profile/KR/구지금
488,오마이걸팬임,70,109,0,0,https://lolchess.gg/profile/KR/오마이걸팬임
489,나아이디뭐하지,70,134,0,0,https://lolchess.gg/profile/KR/나아이디뭐하지
490,모난돌,70,106,0,0,https://lolchess.gg/profile/KR/모난돌
491,협곡예절주입기,70,207,0,0,https://lolchess.gg/profile/KR/협곡예절주입기
492,원파링,69,280,0,0,https://lolchess.gg/profile/KR/원파링
493,영 태,69,124,0,0,https://lolchess.gg/profile/KR/영 태
494,출소 후,69,226,0,0,https://lolchess.gg/profile/KR/출소 후
495,Vietnam Mango,69,137,0,0,https://lolchess.gg/profile/KR/Vietnam Mango
496,Hz 빨딱서기,68,201,0,0,https://lolchess.gg/profile/KR/Hz 빨딱서기
497,Hz 은솔,67,119,0,0,https://lolchess.gg/profile/KR/Hz 은솔
498,조리퐁종이숟가락,67,319,0,0,https://lolchess.gg/profile/KR/조리퐁종이숟가락
499,이봉철2,67,99,0,0,https://lolchess.gg/profile/KR/이봉철2
500,두부로후두부,67,196,0,0,https://lolchess.gg/profile/KR/두부로후두부
501,먹다남긴단팥빵,67,235,0,0,https://lolchess.gg/profile/KR/먹다남긴단팥빵
502,돈보다 행복,67,155,0,0,https://lolchess.gg/profile/KR/돈보다 행복
503,긍정의힘을믿어요,66,127,0,0,https://lolchess.gg/profile/KR/긍정의힘을믿어요
504,강지비91,66,109,0,0,https://lolchess.gg/profile/KR/강지비91
505,Bete,66,153,0,0,https://lolchess.gg/profile/KR/Bete
506,TFT,65,129,0,0,https://lolchess.gg/profile/KR/TFT
507,중환자실입니다,64,119,0,0,https://lolchess.gg/profile/KR/중환자실입니다
508,으라차차 코르키 ,64,75,0,0,https://lolchess.gg/profile/KR/으라차차 코르키 
509,hakyoung,64,109,0,0,https://lolchess.gg/profile/KR/hakyoung
510,색맹트페이동희,64,131,0,0,https://lolchess.gg/profile/KR/색맹트페이동희
511,선처없음,64,189,0,0,https://lolchess.gg/profile/KR/선처없음
512,어쩔뽀삐 저쩔티모,63,166,0,0,https://lolchess.gg/profile/KR/어쩔뽀삐 저쩔티모
513,동네할매폐지찢기,62,160,0,0,https://lolchess.gg/profile/KR/동네할매폐지찢기
514,김민니 팬클럽,62,81,0,0,https://lolchess.gg/profile/KR/김민니 팬클럽
515,간절하면외쳐라,61,95,0,0,https://lolchess.gg/profile/KR/간절하면외쳐라
516,Huido,61,195,0,0,https://lolchess.gg/profile/KR/Huido
517,어나미머스,60,147,0,0,https://lolchess.gg/profile/KR/어나미머스
518,Acaron,60,55,0,0,https://lolchess.gg/profile/KR/Acaron
519,neverforg0t,60,81,0,0,https://lolchess.gg/profile/KR/neverforg0t
520,Metabolite,60,118,0,0,https://lolchess.gg/profile/KR/Metabolite
521,조몽쿤,60,107,0,0,https://lolchess.gg/profile/KR/조몽쿤
522,아르니카,59,175,0,0,https://lolchess.gg/profile/KR/아르니카
523,이쁜데 겜도 잘해,59,174,0,0,https://lolchess.gg/profile/KR/이쁜데 겜도 잘해
524,송창용,59,106,0,0,https://lolchess.gg/profile/KR/송창용
525,BaraKan,59,123,0,0,https://lolchess.gg/profile/KR/BaraKan
526,chessminist,59,130,0,0,https://lolchess.gg/profile/KR/chessminist
527,Luccl,59,170,0,0,https://lolchess.gg/profile/KR/Luccl
528,강릉    롤체,59,45,0,0,https://lolchess.gg/profile/KR/강릉    롤체
529,샹크승,59,85,0,0,https://lolchess.gg/profile/KR/샹크승
530,uL 코스모,58,67,0,0,https://lolchess.gg/profile/KR/uL 코스모
531,꼬마펭구리,58,278,0,0,https://lolchess.gg/profile/KR/꼬마펭구리
532,inefficient,57,100,0,0,https://lolchess.gg/profile/KR/inefficient
533,동 뾰,57,117,0,0,https://lolchess.gg/profile/KR/동 뾰
534,임태선,57,167,0,0,https://lolchess.gg/profile/KR/임태선
535,황금동정마담,56,289,0,0,https://lolchess.gg/profile/KR/황금동정마담
536,열심히일을하자,56,136,0,0,https://lolchess.gg/profile/KR/열심히일을하자
537,EsSen,56,146,0,0,https://lolchess.gg/profile/KR/EsSen
538,후망호,56,114,0,0,https://lolchess.gg/profile/KR/후망호
539,공3업스콜지,56,79,0,0,https://lolchess.gg/profile/KR/공3업스콜지
540,imaginn,56,202,0,0,https://lolchess.gg/profile/KR/imaginn
541,이이잉 마이구미,56,240,0,0,https://lolchess.gg/profile/KR/이이잉 마이구미
542,댜 구,56,124,0,0,https://lolchess.gg/profile/KR/댜 구
543,q OuO r,56,115,0,0,https://lolchess.gg/profile/KR/q OuO r
544,깜안림우진,56,128,0,0,https://lolchess.gg/profile/KR/깜안림우진
545,SolarHot,55,168,0,0,https://lolchess.gg/profile/KR/SolarHot
546,Karina aespa S2,55,94,0,0,https://lolchess.gg/profile/KR/Karina aespa S2
547,Fare,55,113,0,0,https://lolchess.gg/profile/KR/Fare
548,lolocoba,55,147,0,0,https://lolchess.gg/profile/KR/lolocoba
549,꼬마 간미,55,86,0,0,https://lolchess.gg/profile/KR/꼬마 간미
550,맹하이이,55,191,0,0,https://lolchess.gg/profile/KR/맹하이이
551,절대좌절하지않아,54,67,0,0,https://lolchess.gg/profile/KR/절대좌절하지않아
552,인디고뮤직,54,142,0,0,https://lolchess.gg/profile/KR/인디고뮤직
553,그거그거그거그거,54,73,0,0,https://lolchess.gg/profile/KR/그거그거그거그거
554,지뇨비,54,145,0,0,https://lolchess.gg/profile/KR/지뇨비
555,아재의불꽃컨트롤,54,105,0,0,https://lolchess.gg/profile/KR/아재의불꽃컨트롤
556,빈틈 fan,54,185,0,0,https://lolchess.gg/profile/KR/빈틈 fan
557,큐잡는데18분,53,67,0,0,https://lolchess.gg/profile/KR/큐잡는데18분
558,Jhin Tonic,52,77,0,0,https://lolchess.gg/profile/KR/Jhin Tonic
559,산천어홍보대사,52,72,0,0,https://lolchess.gg/profile/KR/산천어홍보대사
560,착해져라 내 마음,52,100,0,0,https://lolchess.gg/profile/KR/착해져라 내 마음
561,냄윤성,52,117,0,0,https://lolchess.gg/profile/KR/냄윤성
562,pRo4s,52,130,0,0,https://lolchess.gg/profile/KR/pRo4s
563,since88,52,97,0,0,https://lolchess.gg/profile/KR/since88
564,뚜두보고등웃음,52,193,0,0,https://lolchess.gg/profile/KR/뚜두보고등웃음
565,송부로,52,113,0,0,https://lolchess.gg/profile/KR/송부로
566,갱부기,52,184,0,0,https://lolchess.gg/profile/KR/갱부기
567,Sunder Flute,51,157,0,0,https://lolchess.gg/profile/KR/Sunder Flute
568,중특브레인,51,195,0,0,https://lolchess.gg/profile/KR/중특브레인
569,사자룡,50,143,0,0,https://lolchess.gg/profile/KR/사자룡
570,박박원원일일,50,124,0,0,https://lolchess.gg/profile/KR/박박원원일일
571,소리잔,50,187,0,0,https://lolchess.gg/profile/KR/소리잔
572,sry its ur fault,50,223,0,0,https://lolchess.gg/profile/KR/sry its ur fault
573,으 뇬,50,104,0,0,https://lolchess.gg/profile/KR/으 뇬
574,요슐램프찌니,49,158,0,0,https://lolchess.gg/profile/KR/요슐램프찌니
575,락득구,49,109,0,0,https://lolchess.gg/profile/KR/락득구
576,롤체용안나오니,49,135,0,0,https://lolchess.gg/profile/KR/롤체용안나오니
577,버스왕 혜지,48,243,0,0,https://lolchess.gg/profile/KR/버스왕 혜지
578,엉망진창 오띠띠,48,164,0,0,https://lolchess.gg/profile/KR/엉망진창 오띠띠
579,Jinsu Song,48,174,0,0,https://lolchess.gg/profile/KR/Jinsu Song
580,NeOx HeCa,48,110,0,0,https://lolchess.gg/profile/KR/NeOx HeCa
581,오토 퀸 출신,48,89,0,0,https://lolchess.gg/profile/KR/오토 퀸 출신
582,sinaeleeeee,48,142,0,0,https://lolchess.gg/profile/KR/sinaeleeeee
583,오늘은 이걸로 해,48,58,0,0,https://lolchess.gg/profile/KR/오늘은 이걸로 해
584,선미꺼,47,94,0,0,https://lolchess.gg/profile/KR/선미꺼
585,시돈이데쓰,47,149,0,0,https://lolchess.gg/profile/KR/시돈이데쓰
586,SQQQ페티시,47,306,0,0,https://lolchess.gg/profile/KR/SQQQ페티시
587,TFT NOVA,47,131,0,0,https://lolchess.gg/profile/KR/TFT NOVA
588,황순민,46,317,0,0,https://lolchess.gg/profile/KR/황순민
589,MintCola,46,114,0,0,https://lolchess.gg/profile/KR/MintCola
590,Theory of Lovity,46,118,0,0,https://lolchess.gg/profile/KR/Theory of Lovity
591,리미트시그마,46,194,0,0,https://lolchess.gg/profile/KR/리미트시그마
592,재구몬,46,178,0,0,https://lolchess.gg/profile/KR/재구몬
593,CooL503,45,91,0,0,https://lolchess.gg/profile/KR/CooL503
594,3성 동우,45,142,0,0,https://lolchess.gg/profile/KR/3성 동우
595,Faker 4세,45,114,0,0,https://lolchess.gg/profile/KR/Faker 4세
596,타이사,45,263,0,0,https://lolchess.gg/profile/KR/타이사
597,twobox,45,229,0,0,https://lolchess.gg/profile/KR/twobox
598,목없는시민,45,222,0,0,https://lolchess.gg/profile/KR/목없는시민
599,경기덕,44,139,0,0,https://lolchess.gg/profile/KR/경기덕
600,실진최,44,148,0,0,https://lolchess.gg/profile/KR/실진최
601,선제공격 제라스,44,91,0,0,https://lolchess.gg/profile/KR/선제공격 제라스
602,쟈 꼰,44,187,0,0,https://lolchess.gg/profile/KR/쟈 꼰
603,진짜로운없네,44,82,0,0,https://lolchess.gg/profile/KR/진짜로운없네
604,행차하라,44,158,0,0,https://lolchess.gg/profile/KR/행차하라
605,Hicheuu,44,46,0,0,https://lolchess.gg/profile/KR/Hicheuu
606,당없는사람,44,152,0,0,https://lolchess.gg/profile/KR/당없는사람
607,매판매판진지하게,44,131,0,0,https://lolchess.gg/profile/KR/매판매판진지하게
608,빡근수,44,160,0,0,https://lolchess.gg/profile/KR/빡근수
609,깻잎치킨,43,97,0,0,https://lolchess.gg/profile/KR/깻잎치킨
610,퐝동퐝동,43,92,0,0,https://lolchess.gg/profile/KR/퐝동퐝동
611,마진수르,43,129,0,0,https://lolchess.gg/profile/KR/마진수르
612,RRRRRRRRR2,42,142,0,0,https://lolchess.gg/profile/KR/RRRRRRRRR2
613,SOLO MY,42,137,0,0,https://lolchess.gg/profile/KR/SOLO MY
614,O P,42,153,0,0,https://lolchess.gg/profile/KR/O P
615,메타 실험,41,127,0,0,https://lolchess.gg/profile/KR/메타 실험
616,양학용계정33,41,239,0,0,https://lolchess.gg/profile/KR/양학용계정33
617,이교근,41,117,0,0,https://lolchess.gg/profile/KR/이교근
618,darimi0805,41,207,0,0,https://lolchess.gg/profile/KR/darimi0805
619,탄산빠진맥콜,41,83,0,0,https://lolchess.gg/profile/KR/탄산빠진맥콜
620,Sir Hoho,41,117,0,0,https://lolchess.gg/profile/KR/Sir Hoho
621,커피맛일상,41,78,0,0,https://lolchess.gg/profile/KR/커피맛일상
622,짠 나,41,198,0,0,https://lolchess.gg/profile/KR/짠 나
623,선봉이,41,54,0,0,https://lolchess.gg/profile/KR/선봉이
624,쥬 르,41,95,0,0,https://lolchess.gg/profile/KR/쥬 르
625,고마워애들아,40,72,0,0,https://lolchess.gg/profile/KR/고마워애들아
626,무지갯빛 뿔보,40,128,0,0,https://lolchess.gg/profile/KR/무지갯빛 뿔보
627,2p5FAKER,40,219,0,0,https://lolchess.gg/profile/KR/2p5FAKER
628,레이던지,40,114,0,0,https://lolchess.gg/profile/KR/레이던지
629,essen Y,40,155,0,0,https://lolchess.gg/profile/KR/essen Y
630,악한 녀석,40,111,0,0,https://lolchess.gg/profile/KR/악한 녀석
631,싸움꾼,40,121,0,0,https://lolchess.gg/profile/KR/싸움꾼
632,땡채연,40,133,0,0,https://lolchess.gg/profile/KR/땡채연
633,수양이몰래김,40,235,0,0,https://lolchess.gg/profile/KR/수양이몰래김
634,존잘큐티섹시청순미남사나이김근식,40,129,0,0,https://lolchess.gg/profile/KR/존잘큐티섹시청순미남사나이김근식
635,장봄준 fan,39,158,0,0,https://lolchess.gg/profile/KR/장봄준 fan
636,ZanDarC,39,152,0,0,https://lolchess.gg/profile/KR/ZanDarC
637,레콜이,38,149,0,0,https://lolchess.gg/profile/KR/레콜이
638,묵 강림,38,127,0,0,https://lolchess.gg/profile/KR/묵 강림
639,사나이 박진우,38,139,0,0,https://lolchess.gg/profile/KR/사나이 박진우
640,DavyJones,38,130,0,0,https://lolchess.gg/profile/KR/DavyJones
641,조성몇,38,177,0,0,https://lolchess.gg/profile/KR/조성몇
642,A H A 뀨,37,110,0,0,https://lolchess.gg/profile/KR/A H A 뀨
643,Twitch 아서O,37,177,0,0,https://lolchess.gg/profile/KR/Twitch 아서O
644,몇차선,37,119,0,0,https://lolchess.gg/profile/KR/몇차선
645,레이다 신호처리,37,97,0,0,https://lolchess.gg/profile/KR/레이다 신호처리
646,리븐tv,37,95,0,0,https://lolchess.gg/profile/KR/리븐tv
647,룬뭐찍나요,37,89,0,0,https://lolchess.gg/profile/KR/룬뭐찍나요
648,kosse,36,164,0,0,https://lolchess.gg/profile/KR/kosse
649,grilamid,36,104,0,0,https://lolchess.gg/profile/KR/grilamid
650,우기린이야,36,144,0,0,https://lolchess.gg/profile/KR/우기린이야
651,체스왕 첵스초코,36,78,0,0,https://lolchess.gg/profile/KR/체스왕 첵스초코
652,롤체학과,36,219,0,0,https://lolchess.gg/profile/KR/롤체학과
653,민간인 김형석,36,98,0,0,https://lolchess.gg/profile/KR/민간인 김형석
654,승진오빠,35,50,0,0,https://lolchess.gg/profile/KR/승진오빠
655,The 진감,35,162,0,0,https://lolchess.gg/profile/KR/The 진감
656,유리멘탈에약심장,35,116,0,0,https://lolchess.gg/profile/KR/유리멘탈에약심장
657,나의 일기장,35,196,0,0,https://lolchess.gg/profile/KR/나의 일기장
658,산책이,35,93,0,0,https://lolchess.gg/profile/KR/산책이
659,최송2,35,170,0,0,https://lolchess.gg/profile/KR/최송2
660,탁툭탁,35,150,0,0,https://lolchess.gg/profile/KR/탁툭탁
661,최병준,35,217,0,0,https://lolchess.gg/profile/KR/최병준
662,한방 노리는 사람,34,132,0,0,https://lolchess.gg/profile/KR/한방 노리는 사람
663,홀애비,34,138,0,0,https://lolchess.gg/profile/KR/홀애비
664,폐관수련하고올게,34,108,0,0,https://lolchess.gg/profile/KR/폐관수련하고올게
665,LCS DoubleLift,34,134,0,0,https://lolchess.gg/profile/KR/LCS DoubleLift
666,7혁신가 안철수,33,77,0,0,https://lolchess.gg/profile/KR/7혁신가 안철수
667,수희홍,33,263,0,0,https://lolchess.gg/profile/KR/수희홍
668,가자미,33,84,0,0,https://lolchess.gg/profile/KR/가자미
669,민초단 망고빌런,33,116,0,0,https://lolchess.gg/profile/KR/민초단 망고빌런
670,차트만들기,33,156,0,0,https://lolchess.gg/profile/KR/차트만들기
671,uL 돌곶이,33,136,0,0,https://lolchess.gg/profile/KR/uL 돌곶이
672,MAYSAQ,33,107,0,0,https://lolchess.gg/profile/KR/MAYSAQ
673,Curinga,33,100,0,0,https://lolchess.gg/profile/KR/Curinga
674,짱구원장두목님,32,121,0,0,https://lolchess.gg/profile/KR/짱구원장두목님
675,유로비타,32,78,0,0,https://lolchess.gg/profile/KR/유로비타
676,이거다읽으면바보,32,104,0,0,https://lolchess.gg/profile/KR/이거다읽으면바보
677,너와나의연결스킬,31,152,0,0,https://lolchess.gg/profile/KR/너와나의연결스킬
678,쁘띠세로로,31,72,0,0,https://lolchess.gg/profile/KR/쁘띠세로로
679,멀록은니엄마야,31,67,0,0,https://lolchess.gg/profile/KR/멀록은니엄마야
680,lolchessgg fan,31,78,0,0,https://lolchess.gg/profile/KR/lolchessgg fan
681,화려한 뒤집개,31,201,0,0,https://lolchess.gg/profile/KR/화려한 뒤집개
682,배현종,31,241,0,0,https://lolchess.gg/profile/KR/배현종
683,조쉬안서,31,138,0,0,https://lolchess.gg/profile/KR/조쉬안서
684,나좀못함,31,115,0,0,https://lolchess.gg/profile/KR/나좀못함
685,bunizuni,30,170,0,0,https://lolchess.gg/profile/KR/bunizuni
686,고양이랑강아지1,30,101,0,0,https://lolchess.gg/profile/KR/고양이랑강아지1
687,Twitch 스안,30,144,0,0,https://lolchess.gg/profile/KR/Twitch 스안
688,십 발,30,218,0,0,https://lolchess.gg/profile/KR/십 발
689,Twitch잔나비조아,30,229,0,0,https://lolchess.gg/profile/KR/Twitch잔나비조아
690,롤체고초수,30,166,0,0,https://lolchess.gg/profile/KR/롤체고초수
691,퐁당맨,30,194,0,0,https://lolchess.gg/profile/KR/퐁당맨
692,WAKEONE 유리,30,170,0,0,https://lolchess.gg/profile/KR/WAKEONE 유리
693,롤하다죽자일홍아,29,101,0,0,https://lolchess.gg/profile/KR/롤하다죽자일홍아
694,행정고등고시,29,92,0,0,https://lolchess.gg/profile/KR/행정고등고시
695,플래 수문장,29,155,0,0,https://lolchess.gg/profile/KR/플래 수문장
696,착하게살자착하게,29,128,0,0,https://lolchess.gg/profile/KR/착하게살자착하게
697,지용이강,29,146,0,0,https://lolchess.gg/profile/KR/지용이강
698,Simjoo,28,114,0,0,https://lolchess.gg/profile/KR/Simjoo
699,멤메이션,28,124,0,0,https://lolchess.gg/profile/KR/멤메이션
700,비에젖은여름풀,28,113,0,0,https://lolchess.gg/profile/KR/비에젖은여름풀
701,Phins,28,126,0,0,https://lolchess.gg/profile/KR/Phins
702,aka마얏,28,79,0,0,https://lolchess.gg/profile/KR/aka마얏
703,07JuJube,28,228,0,0,https://lolchess.gg/profile/KR/07JuJube
704,PLSDNA,28,188,0,0,https://lolchess.gg/profile/KR/PLSDNA
705,윤 박,28,149,0,0,https://lolchess.gg/profile/KR/윤 박
706,깨달았다이번시즌,27,209,0,0,https://lolchess.gg/profile/KR/깨달았다이번시즌
707,덕구급 카이팅,27,193,0,0,https://lolchess.gg/profile/KR/덕구급 카이팅
708,814503,27,150,0,0,https://lolchess.gg/profile/KR/814503
709,lilliiiilliiii,27,186,0,0,https://lolchess.gg/profile/KR/lilliiiilliiii
710,조공조공조공1,27,332,0,0,https://lolchess.gg/profile/KR/조공조공조공1
711,팟돌이,27,152,0,0,https://lolchess.gg/profile/KR/팟돌이
712,c47 3,27,217,0,0,https://lolchess.gg/profile/KR/c47 3
713,각자할거만하자,27,139,0,0,https://lolchess.gg/profile/KR/각자할거만하자
714,환준몬,27,185,0,0,https://lolchess.gg/profile/KR/환준몬
715,inla99,27,179,0,0,https://lolchess.gg/profile/KR/inla99
716,Onegilro,26,208,0,0,https://lolchess.gg/profile/KR/Onegilro
717,별주부전,26,114,0,0,https://lolchess.gg/profile/KR/별주부전
718,논산210906,26,81,0,0,https://lolchess.gg/profile/KR/논산210906
719,JewelryJeong,26,69,0,0,https://lolchess.gg/profile/KR/JewelryJeong
720,인천 미어캣,26,150,0,0,https://lolchess.gg/profile/KR/인천 미어캣
721,공략은 순디랑,26,197,0,0,https://lolchess.gg/profile/KR/공략은 순디랑
722,곧 9000일,26,178,0,0,https://lolchess.gg/profile/KR/곧 9000일
723,오늘도고생추,26,120,0,0,https://lolchess.gg/profile/KR/오늘도고생추
724,검은색신발,25,176,0,0,https://lolchess.gg/profile/KR/검은색신발
725,롤체평론가,25,125,0,0,https://lolchess.gg/profile/KR/롤체평론가
726,AgingCurveComing,25,132,0,0,https://lolchess.gg/profile/KR/AgingCurveComing
727,난 강아지없어힝,25,55,0,0,https://lolchess.gg/profile/KR/난 강아지없어힝
728,홍아이리,24,158,0,0,https://lolchess.gg/profile/KR/홍아이리
729,탑갱오소리,24,103,0,0,https://lolchess.gg/profile/KR/탑갱오소리
730,나 냥모 아니다,24,299,0,0,https://lolchess.gg/profile/KR/나 냥모 아니다
731,나비로,24,192,0,0,https://lolchess.gg/profile/KR/나비로
732,금빛 배불뚝이,24,107,0,0,https://lolchess.gg/profile/KR/금빛 배불뚝이
733,롤체 전문 한의사,24,70,0,0,https://lolchess.gg/profile/KR/롤체 전문 한의사
734,전방에 힘찬 함성 5초간 발사,23,108,0,0,https://lolchess.gg/profile/KR/전방에 힘찬 함성 5초간 발사
735,ArabicaG,23,265,0,0,https://lolchess.gg/profile/KR/ArabicaG
736,Yu Iseol,22,146,0,0,https://lolchess.gg/profile/KR/Yu Iseol
737,10분 뒤에 깨워줘,22,101,0,0,https://lolchess.gg/profile/KR/10분 뒤에 깨워줘
738,파라노이즈,22,77,0,0,https://lolchess.gg/profile/KR/파라노이즈
739,음원재,22,98,0,0,https://lolchess.gg/profile/KR/음원재
740,한겨울철새,22,115,0,0,https://lolchess.gg/profile/KR/한겨울철새
741,아직안잠,22,53,0,0,https://lolchess.gg/profile/KR/아직안잠
742,동구이,22,79,0,0,https://lolchess.gg/profile/KR/동구이
743,클레스메이트,22,97,0,0,https://lolchess.gg/profile/KR/클레스메이트
744,낭군같은남자,22,132,0,0,https://lolchess.gg/profile/KR/낭군같은남자
745,류은태,21,255,0,0,https://lolchess.gg/profile/KR/류은태
746,롤렉땜에트롤짓,21,88,0,0,https://lolchess.gg/profile/KR/롤렉땜에트롤짓
747,하 논,21,170,0,0,https://lolchess.gg/profile/KR/하 논
748,VN u97,21,100,0,0,https://lolchess.gg/profile/KR/VN u97
749,상남자김두식,21,146,0,0,https://lolchess.gg/profile/KR/상남자김두식
750,조씨전,21,306,0,0,https://lolchess.gg/profile/KR/조씨전
751,M0YA,21,104,0,0,https://lolchess.gg/profile/KR/M0YA
752,Tekapo Lake,21,179,0,0,https://lolchess.gg/profile/KR/Tekapo Lake
753,거제멸치쌈밥,20,127,0,0,https://lolchess.gg/profile/KR/거제멸치쌈밥
754,주는대로최선을,20,232,0,0,https://lolchess.gg/profile/KR/주는대로최선을
755,더러운운빨겜,20,85,0,0,https://lolchess.gg/profile/KR/더러운운빨겜
756,Xi Jinping pooh,20,113,0,0,https://lolchess.gg/profile/KR/Xi Jinping pooh
757,전트란10,20,74,0,0,https://lolchess.gg/profile/KR/전트란10
758,응애 나 아기종운,20,121,0,0,https://lolchess.gg/profile/KR/응애 나 아기종운
759,Kkame2,20,75,0,0,https://lolchess.gg/profile/KR/Kkame2
760,안죽고잘해볼게요,20,158,0,0,https://lolchess.gg/profile/KR/안죽고잘해볼게요
761,LP 나미,20,131,0,0,https://lolchess.gg/profile/KR/LP 나미
762,너는공대오지마라,20,133,0,0,https://lolchess.gg/profile/KR/너는공대오지마라
763,똥무무,20,123,0,0,https://lolchess.gg/profile/KR/똥무무
764,팔팔e,20,74,0,0,https://lolchess.gg/profile/KR/팔팔e
765,Devilman no Uta,19,264,0,0,https://lolchess.gg/profile/KR/Devilman no Uta
766,guri7,19,97,0,0,https://lolchess.gg/profile/KR/guri7
767,꿀썹꾸,19,116,0,0,https://lolchess.gg/profile/KR/꿀썹꾸
768,손무자비,19,49,0,0,https://lolchess.gg/profile/KR/손무자비
769,강력한탈주범,19,91,0,0,https://lolchess.gg/profile/KR/강력한탈주범
770,베르톨트,19,183,0,0,https://lolchess.gg/profile/KR/베르톨트
771,박기모씨,19,109,0,0,https://lolchess.gg/profile/KR/박기모씨
772,뭘꼬라보니아가야,19,97,0,0,https://lolchess.gg/profile/KR/뭘꼬라보니아가야
773,Sono,19,189,0,0,https://lolchess.gg/profile/KR/Sono
774,서폿유저사랑해요,19,121,0,0,https://lolchess.gg/profile/KR/서폿유저사랑해요
775,자다깬호랑이,19,88,0,0,https://lolchess.gg/profile/KR/자다깬호랑이
776,time779,18,292,0,0,https://lolchess.gg/profile/KR/time779
777,상돈파워,18,109,0,0,https://lolchess.gg/profile/KR/상돈파워
778,간발의순간,18,194,0,0,https://lolchess.gg/profile/KR/간발의순간
779,Black is my type,18,153,0,0,https://lolchess.gg/profile/KR/Black is my type
780,윤  센,18,86,0,0,https://lolchess.gg/profile/KR/윤  센
781,Hz 빈,18,119,0,0,https://lolchess.gg/profile/KR/Hz 빈
782,벨플라워,18,164,0,0,https://lolchess.gg/profile/KR/벨플라워
783,준승쌘쌔,18,135,0,0,https://lolchess.gg/profile/KR/준승쌘쌔
784,거제욘세,18,195,0,0,https://lolchess.gg/profile/KR/거제욘세
785,콩ab,17,268,0,0,https://lolchess.gg/profile/KR/콩ab
786,생명의가치,17,72,0,0,https://lolchess.gg/profile/KR/생명의가치
787,Veil,17,139,0,0,https://lolchess.gg/profile/KR/Veil
788,윤현국123,17,149,0,0,https://lolchess.gg/profile/KR/윤현국123
789,냉면짜장면짬뽕,17,147,0,0,https://lolchess.gg/profile/KR/냉면짜장면짬뽕
790,응 내가더귀여워,17,89,0,0,https://lolchess.gg/profile/KR/응 내가더귀여워
791,Aalc,17,107,0,0,https://lolchess.gg/profile/KR/Aalc
792,팀고혈빠는모기,17,188,0,0,https://lolchess.gg/profile/KR/팀고혈빠는모기
793,진짱나,17,157,0,0,https://lolchess.gg/profile/KR/진짱나
794,아아이고,16,112,0,0,https://lolchess.gg/profile/KR/아아이고
795,파란초콜릿,16,203,0,0,https://lolchess.gg/profile/KR/파란초콜릿
796,창성민fan,16,297,0,0,https://lolchess.gg/profile/KR/창성민fan
797,긍정적인토마토,16,189,0,0,https://lolchess.gg/profile/KR/긍정적인토마토
798,리앵진,16,201,0,0,https://lolchess.gg/profile/KR/리앵진
799,빈OI,16,51,0,0,https://lolchess.gg/profile/KR/빈OI
800,WarWalk,16,107,0,0,https://lolchess.gg/profile/KR/WarWalk
801,lIllIlIIIlIIlIl,16,94,0,0,https://lolchess.gg/profile/KR/lIllIlIIIlIIlIl
802,경희대파란토끼,16,65,0,0,https://lolchess.gg/profile/KR/경희대파란토끼
803,cex 탱탱,16,83,0,0,https://lolchess.gg/profile/KR/cex 탱탱
804,마음상한원딜,16,97,0,0,https://lolchess.gg/profile/KR/마음상한원딜
805,정글의 스탠스,16,95,0,0,https://lolchess.gg/profile/KR/정글의 스탠스
806,쌍블린,16,97,0,0,https://lolchess.gg/profile/KR/쌍블린
807,빻아뿐다,16,104,0,0,https://lolchess.gg/profile/KR/빻아뿐다
808,보고 싶은 사람,16,116,0,0,https://lolchess.gg/profile/KR/보고 싶은 사람
809,98년생신동훈,15,214,0,0,https://lolchess.gg/profile/KR/98년생신동훈
810,추억하나요,15,131,0,0,https://lolchess.gg/profile/KR/추억하나요
811,pipo22,15,148,0,0,https://lolchess.gg/profile/KR/pipo22
812,안 쮸 니,15,131,0,0,https://lolchess.gg/profile/KR/안 쮸 니
813,TwTF Choki,15,115,0,0,https://lolchess.gg/profile/KR/TwTF Choki
814,Silie,15,218,0,0,https://lolchess.gg/profile/KR/Silie
815,프짜아앙,15,247,0,0,https://lolchess.gg/profile/KR/프짜아앙
816,오늘학살하네,14,170,0,0,https://lolchess.gg/profile/KR/오늘학살하네
817,7Dot TFT,14,136,0,0,https://lolchess.gg/profile/KR/7Dot TFT
818,비모험,14,145,0,0,https://lolchess.gg/profile/KR/비모험
819,5줌G림,14,91,0,0,https://lolchess.gg/profile/KR/5줌G림
820,두부안마사,14,139,0,0,https://lolchess.gg/profile/KR/두부안마사
821,bki6438,14,196,0,0,https://lolchess.gg/profile/KR/bki6438
822,이삭의 축복,14,131,0,0,https://lolchess.gg/profile/KR/이삭의 축복
823,피지컬과솔로킬,14,184,0,0,https://lolchess.gg/profile/KR/피지컬과솔로킬
824,내가 희생할께,13,63,0,0,https://lolchess.gg/profile/KR/내가 희생할께
825,rhasusdl,13,233,0,0,https://lolchess.gg/profile/KR/rhasusdl
826,미스터초밥왕77,13,54,0,0,https://lolchess.gg/profile/KR/미스터초밥왕77
827,자도자도졸립다,13,205,0,0,https://lolchess.gg/profile/KR/자도자도졸립다
828,헌 창,13,194,0,0,https://lolchess.gg/profile/KR/헌 창
829,daying,13,193,0,0,https://lolchess.gg/profile/KR/daying
830,송하나는손하나,13,193,0,0,https://lolchess.gg/profile/KR/송하나는손하나
831,specialkid,13,104,0,0,https://lolchess.gg/profile/KR/specialkid
832,큐 달,13,137,0,0,https://lolchess.gg/profile/KR/큐 달
833,챤 현,13,169,0,0,https://lolchess.gg/profile/KR/챤 현
834,리롤을 잘 치는 즐라탄 쿤,13,79,0,0,https://lolchess.gg/profile/KR/리롤을 잘 치는 즐라탄 쿤
835,바바바바밤바,13,175,0,0,https://lolchess.gg/profile/KR/바바바바밤바
836,IV1,13,69,0,0,https://lolchess.gg/profile/KR/IV1
837,다굴유발자,12,236,0,0,https://lolchess.gg/profile/KR/다굴유발자
838,크로밥,12,298,0,0,https://lolchess.gg/profile/KR/크로밥
839,겸댕뽀짝,12,45,0,0,https://lolchess.gg/profile/KR/겸댕뽀짝
840,박보컬,12,154,0,0,https://lolchess.gg/profile/KR/박보컬
841,다냥냥바라기,11,97,0,0,https://lolchess.gg/profile/KR/다냥냥바라기
842,너말이야너1,11,85,0,0,https://lolchess.gg/profile/KR/너말이야너1
843,운빨겜최대수혜자,11,177,0,0,https://lolchess.gg/profile/KR/운빨겜최대수혜자
844,궈 뭬,11,204,0,0,https://lolchess.gg/profile/KR/궈 뭬
845,여 심,11,232,0,0,https://lolchess.gg/profile/KR/여 심
846,그런거안먹습니다,11,136,0,0,https://lolchess.gg/profile/KR/그런거안먹습니다
847,박환희희낙락,11,169,0,0,https://lolchess.gg/profile/KR/박환희희낙락
848,우정박,11,88,0,0,https://lolchess.gg/profile/KR/우정박
849,최재그,11,115,0,0,https://lolchess.gg/profile/KR/최재그
850,민트초코탕수육,11,97,0,0,https://lolchess.gg/profile/KR/민트초코탕수육
851,맞아본 적이없어,10,177,0,0,https://lolchess.gg/profile/KR/맞아본 적이없어
852,이른무,10,123,0,0,https://lolchess.gg/profile/KR/이른무
853,김쥐찌개,10,142,0,0,https://lolchess.gg/profile/KR/김쥐찌개
854,쪼해피룡,10,164,0,0,https://lolchess.gg/profile/KR/쪼해피룡
855,림지완,10,93,0,0,https://lolchess.gg/profile/KR/림지완
856,예지야 제발,10,213,0,0,https://lolchess.gg/profile/KR/예지야 제발
857,스스킹,10,138,0,0,https://lolchess.gg/profile/KR/스스킹
858,돌림힘,10,145,0,0,https://lolchess.gg/profile/KR/돌림힘
859,The Deft,10,176,0,0,https://lolchess.gg/profile/KR/The Deft
860,컁 캉,10,235,0,0,https://lolchess.gg/profile/KR/컁 캉
861,신뢰지만 번호좀,10,99,0,0,https://lolchess.gg/profile/KR/신뢰지만 번호좀
862,씰룩이,10,124,0,0,https://lolchess.gg/profile/KR/씰룩이
863,르꼬르뷔지어l,10,283,0,0,https://lolchess.gg/profile/KR/르꼬르뷔지어l
864,관 쵸,10,122,0,0,https://lolchess.gg/profile/KR/관 쵸
865,이죄나의손을잡아,10,114,0,0,https://lolchess.gg/profile/KR/이죄나의손을잡아
866,구구루,10,167,0,0,https://lolchess.gg/profile/KR/구구루
867,shuD i sty or go,10,121,0,0,https://lolchess.gg/profile/KR/shuD i sty or go
868,베르나르베르누이,10,121,0,0,https://lolchess.gg/profile/KR/베르나르베르누이
869,Acro 빼꼼,10,182,0,0,https://lolchess.gg/profile/KR/Acro 빼꼼
870,나보다못하면디져,10,176,0,0,https://lolchess.gg/profile/KR/나보다못하면디져
871,QAWSEDRFTGYH,10,151,0,0,https://lolchess.gg/profile/KR/QAWSEDRFTGYH
872,성록썬더,10,64,0,0,https://lolchess.gg/profile/KR/성록썬더
873,필멸자여,10,111,0,0,https://lolchess.gg/profile/KR/필멸자여
874,용족충,10,90,0,0,https://lolchess.gg/profile/KR/용족충
875,호 멘,9,117,0,0,https://lolchess.gg/profile/KR/호 멘
876,Dalia,9,138,0,0,https://lolchess.gg/profile/KR/Dalia
877,Panac2a,9,87,0,0,https://lolchess.gg/profile/KR/Panac2a
878,개 쀼웅,9,133,0,0,https://lolchess.gg/profile/KR/개 쀼웅
879,dog18nom,9,88,0,0,https://lolchess.gg/profile/KR/dog18nom
880,아유하,9,123,0,0,https://lolchess.gg/profile/KR/아유하
881,melongjyp,9,266,0,0,https://lolchess.gg/profile/KR/melongjyp
882,나피안,9,79,0,0,https://lolchess.gg/profile/KR/나피안
883,한승현남친이현민,9,216,0,0,https://lolchess.gg/profile/KR/한승현남친이현민
884,당당한 날다람쥐,9,155,0,0,https://lolchess.gg/profile/KR/당당한 날다람쥐
885,서폿벌레면누누픽,9,88,0,0,https://lolchess.gg/profile/KR/서폿벌레면누누픽
886,선자님,9,73,0,0,https://lolchess.gg/profile/KR/선자님
887,mct6723,9,150,0,0,https://lolchess.gg/profile/KR/mct6723
888,왈왈으르르컹,9,96,0,0,https://lolchess.gg/profile/KR/왈왈으르르컹
889,차암얄밉다그죠잉,9,93,0,0,https://lolchess.gg/profile/KR/차암얄밉다그죠잉
890,집사야 나 츄르줘,9,183,0,0,https://lolchess.gg/profile/KR/집사야 나 츄르줘
891,대대장,8,93,0,0,https://lolchess.gg/profile/KR/대대장
892,쿨쿠루쿨쿨,8,123,0,0,https://lolchess.gg/profile/KR/쿨쿠루쿨쿨
893,재수는독학이진리,8,181,0,0,https://lolchess.gg/profile/KR/재수는독학이진리
894,잊어버린삶,8,121,0,0,https://lolchess.gg/profile/KR/잊어버린삶
895,TwTF 알맹승지,8,150,0,0,https://lolchess.gg/profile/KR/TwTF 알맹승지
896,Acro 멍바,8,59,0,0,https://lolchess.gg/profile/KR/Acro 멍바
897,바나나모카,8,184,0,0,https://lolchess.gg/profile/KR/바나나모카
898,나넘잘해반할지도,8,105,0,0,https://lolchess.gg/profile/KR/나넘잘해반할지도
899,수채철,7,159,0,0,https://lolchess.gg/profile/KR/수채철
900,유급하기싫은사람,7,146,0,0,https://lolchess.gg/profile/KR/유급하기싫은사람
901, Ki Yong,7,121,0,0,https://lolchess.gg/profile/KR/ Ki Yong
902,원딜만 칼픽,7,89,0,0,https://lolchess.gg/profile/KR/원딜만 칼픽
903,호계동 물망치,7,74,0,0,https://lolchess.gg/profile/KR/호계동 물망치
904,칼발러,7,102,0,0,https://lolchess.gg/profile/KR/칼발러
905,오지마요제발,7,229,0,0,https://lolchess.gg/profile/KR/오지마요제발
906,롤체천재상니니,7,160,0,0,https://lolchess.gg/profile/KR/롤체천재상니니
907,TwTF 인천피스트,7,35,0,0,https://lolchess.gg/profile/KR/TwTF 인천피스트
908,방달수,7,148,0,0,https://lolchess.gg/profile/KR/방달수
909,아이캔씨애니띵,7,161,0,0,https://lolchess.gg/profile/KR/아이캔씨애니띵
910,ROOT SuperNova,6,209,0,0,https://lolchess.gg/profile/KR/ROOT SuperNova
911,하와왕,6,60,0,0,https://lolchess.gg/profile/KR/하와왕
912,개인랭버스기사,6,141,0,0,https://lolchess.gg/profile/KR/개인랭버스기사
913,연진갓TALENT,6,150,0,0,https://lolchess.gg/profile/KR/연진갓TALENT
914,부처사랑교회,6,87,0,0,https://lolchess.gg/profile/KR/부처사랑교회
915,MNst 변테,6,264,0,0,https://lolchess.gg/profile/KR/MNst 변테
916,든든하다 김갈통,6,128,0,0,https://lolchess.gg/profile/KR/든든하다 김갈통
917,롤체칼바람만하자,5,120,0,0,https://lolchess.gg/profile/KR/롤체칼바람만하자
918,한국은처음이지,5,101,0,0,https://lolchess.gg/profile/KR/한국은처음이지
919,달그리메,5,75,0,0,https://lolchess.gg/profile/KR/달그리메
920,여태태,5,66,0,0,https://lolchess.gg/profile/KR/여태태
921,포악스런Fox년,5,131,0,0,https://lolchess.gg/profile/KR/포악스런Fox년
922,힌 칙,5,292,0,0,https://lolchess.gg/profile/KR/힌 칙
923,대가리 꼐진 자,5,82,0,0,https://lolchess.gg/profile/KR/대가리 꼐진 자
924,AFTV 테토,5,181,0,0,https://lolchess.gg/profile/KR/AFTV 테토
925,저체중,5,134,0,0,https://lolchess.gg/profile/KR/저체중
926,Twitch 그마의왕,5,112,0,0,https://lolchess.gg/profile/KR/Twitch 그마의왕
927,kacal,5,98,0,0,https://lolchess.gg/profile/KR/kacal
928,똥고양이 둔둔이,5,127,0,0,https://lolchess.gg/profile/KR/똥고양이 둔둔이
929,KR HAN LYANG ,4,60,0,0,https://lolchess.gg/profile/KR/KR HAN LYANG 
930,대깨정진,4,114,0,0,https://lolchess.gg/profile/KR/대깨정진
931,BULLS 23,4,112,0,0,https://lolchess.gg/profile/KR/BULLS 23
932,리스망,4,135,0,0,https://lolchess.gg/profile/KR/리스망
933,말 링,4,196,0,0,https://lolchess.gg/profile/KR/말 링
934,허 겡,4,72,0,0,https://lolchess.gg/profile/KR/허 겡
935,아름다운스타트,4,103,0,0,https://lolchess.gg/profile/KR/아름다운스타트
936,IIIlIlIIIIlIIlII,4,130,0,0,https://lolchess.gg/profile/KR/IIIlIlIIIIlIIlII
937,L22,4,256,0,0,https://lolchess.gg/profile/KR/L22
938,롤체왕엽동,4,142,0,0,https://lolchess.gg/profile/KR/롤체왕엽동
939,꼬마지휘자,4,224,0,0,https://lolchess.gg/profile/KR/꼬마지휘자
940,서폿장인노짱,4,114,0,0,https://lolchess.gg/profile/KR/서폿장인노짱
941,SPOON Zeri,4,245,0,0,https://lolchess.gg/profile/KR/SPOON Zeri
942,TFT JayPark,3,124,0,0,https://lolchess.gg/profile/KR/TFT JayPark
943,alleyday,3,66,0,0,https://lolchess.gg/profile/KR/alleyday
944,오늘도빛나는너에,3,125,0,0,https://lolchess.gg/profile/KR/오늘도빛나는너에
945,균 보,3,211,0,0,https://lolchess.gg/profile/KR/균 보
946,Javan,3,86,0,0,https://lolchess.gg/profile/KR/Javan
947,Naid,3,136,0,0,https://lolchess.gg/profile/KR/Naid
948,두렁이2,3,107,0,0,https://lolchess.gg/profile/KR/두렁이2
949,76년생조부길,3,84,0,0,https://lolchess.gg/profile/KR/76년생조부길
950,호앵다,2,101,0,0,https://lolchess.gg/profile/KR/호앵다
951,쉽 죠,2,74,0,0,https://lolchess.gg/profile/KR/쉽 죠
952,쐐기검,2,125,0,0,https://lolchess.gg/profile/KR/쐐기검
953,불타오르네넨,2,88,0,0,https://lolchess.gg/profile/KR/불타오르네넨
954,빈틈보고배움,2,91,0,0,https://lolchess.gg/profile/KR/빈틈보고배움
955,11월에서5월은미세먼지주의기간,2,90,0,0,https://lolchess.gg/profile/KR/11월에서5월은미세먼지주의기간
956,혀니전용도구,2,170,0,0,https://lolchess.gg/profile/KR/혀니전용도구
957,버러지 큿,2,65,0,0,https://lolchess.gg/profile/KR/버러지 큿
958,NeZim,2,176,0,0,https://lolchess.gg/profile/KR/NeZim
959,엔프렌드,2,227,0,0,https://lolchess.gg/profile/KR/엔프렌드
960,잠시들렷어,2,136,0,0,https://lolchess.gg/profile/KR/잠시들렷어
961,리롤하고순방만함,2,80,0,0,https://lolchess.gg/profile/KR/리롤하고순방만함
962,근육남박찬영,2,110,0,0,https://lolchess.gg/profile/KR/근육남박찬영
963,Lolchess 웅,2,146,0,0,https://lolchess.gg/profile/KR/Lolchess 웅
964,림 죠,1,238,0,0,https://lolchess.gg/profile/KR/림 죠
965,E정택,1,83,0,0,https://lolchess.gg/profile/KR/E정택
966,경시생 주노,1,48,0,0,https://lolchess.gg/profile/KR/경시생 주노
967,위스키,1,99,0,0,https://lolchess.gg/profile/KR/위스키
968,전투도마뱀,1,161,0,0,https://lolchess.gg/profile/KR/전투도마뱀
969,수줍은 아이,1,169,0,0,https://lolchess.gg/profile/KR/수줍은 아이
970,폭대불,1,122,0,0,https://lolchess.gg/profile/KR/폭대불
971,사족보행마스터,1,116,0,0,https://lolchess.gg/profile/KR/사족보행마스터
972,승리의 징징이,1,127,0,0,https://lolchess.gg/profile/KR/승리의 징징이
973,잔 우,1,100,0,0,https://lolchess.gg/profile/KR/잔 우
974,bumzino,1,79,0,0,https://lolchess.gg/profile/KR/bumzino
975,Teufelhaft,1,123,0,0,https://lolchess.gg/profile/KR/Teufelhaft
976,생존생존생존,0,140,0,0,https://lolchess.gg/profile/KR/생존생존생존
977,Terror KR,0,168,0,0,https://lolchess.gg/profile/KR/Terror KR
978,DRX 윤성훈,0,198,0,0,https://lolchess.gg/profile/KR/DRX 윤성훈
979,실망몬,0,228,0,0,https://lolchess.gg/profile/KR/실망몬
980,3성 라라박사,0,169,0,0,https://lolchess.gg/profile/KR/3성 라라박사
981,Skald,0,200,0,1,https://lolchess.gg/profile/KR/Skald
982,나무돌0I,0,187,0,0,https://lolchess.gg/profile/KR/나무돌0I
983,잉너무다로,0,128,0,0,https://lolchess.gg/profile/KR/잉너무다로
984,Dipion,0,149,0,0,https://lolchess.gg/profile/KR/Dipion
985,지상최강마스터이,0,150,0,0,https://lolchess.gg/profile/KR/지상최강마스터이
986,별구름태양,0,267,0,0,https://lolchess.gg/profile/KR/별구름태양
987,못먹어도일단고,0,247,0,0,https://lolchess.gg/profile/KR/못먹어도일단고
988,비니비니유비닝,0,243,0,0,https://lolchess.gg/profile/KR/비니비니유비닝
989,녹턴발사,0,255,0,0,https://lolchess.gg/profile/KR/녹턴발사
990,고스턴건,0,231,0,0,https://lolchess.gg/profile/KR/고스턴건
991,Odyssey Control,0,220,0,0,https://lolchess.gg/profile/KR/Odyssey Control
992,잭스에진심인남자,0,152,0,0,https://lolchess.gg/profile/KR/잭스에진심인남자
993,간암열차,0,107,0,0,https://lolchess.gg/profile/KR/간암열차
994,tft is fun,0,111,0,0,https://lolchess.gg/profile/KR/tft is fun
995,짜식군,0,174,0,0,https://lolchess.gg/profile/KR/짜식군
996,정춘자의골드모험,0,93,0,0,https://lolchess.gg/profile/KR/정춘자의골드모험
997,도파한테트페배움,0,157,0,0,https://lolchess.gg/profile/KR/도파한테트페배움
998,골카짝골카짝,0,142,0,0,https://lolchess.gg/profile/KR/골카짝골카짝
999,AFTV 문성규,0,128,0,0,https://lolchess.gg/profile/KR/AFTV 문성규
1000,쵸코맛소나무,0,91,0,0,https://lolchess.gg/profile/KR/쵸코맛소나무
1001,즐겜하는전다이아,0,81,0,0,https://lolchess.gg/profile/KR/즐겜하는전다이아
1002,2020GENIE,0,146,0,0,https://lolchess.gg/profile/KR/2020GENIE
1003,Ol석민,0,164,0,0,https://lolchess.gg/profile/KR/Ol석민
1004,소울트리,0,84,0,0,https://lolchess.gg/profile/KR/소울트리
1005,빈 서,0,92,0,0,https://lolchess.gg/profile/KR/빈 서
1006,서 쿤,0,131,0,0,https://lolchess.gg/profile/KR/서 쿤
1007,듀오해주세요,0,198,0,0,https://lolchess.gg/profile/KR/듀오해주세요
1008,JD Salinger,0,118,0,0,https://lolchess.gg/profile/KR/JD Salinger
1009,두부를 다쳐버린 노무현,0,118,0,0,https://lolchess.gg/profile/KR/두부를 다쳐버린 노무현
1010,돕지 않는 사람,0,201,0,0,https://lolchess.gg/profile/KR/돕지 않는 사람
1011,아리벤되면닷지,0,222,0,0,https://lolchess.gg/profile/KR/아리벤되면닷지
1012,뚝배기밥도둑,0,89,0,0,https://lolchess.gg/profile/KR/뚝배기밥도둑
1013,체크지지,0,189,0,0,https://lolchess.gg/profile/KR/체크지지
1014,포 뇻,0,75,0,0,https://lolchess.gg/profile/KR/포 뇻
1015,갓블레스유브로,0,231,0,0,https://lolchess.gg/profile/KR/갓블레스유브로
1016,섀 티,0,149,0,0,https://lolchess.gg/profile/KR/섀 티
1017,다르빗슈우,0,114,0,0,https://lolchess.gg/profile/KR/다르빗슈우
1018,태의자,0,106,0,0,https://lolchess.gg/profile/KR/태의자
1019,퐁당이는퐁당퐁당,0,226,0,0,https://lolchess.gg/profile/KR/퐁당이는퐁당퐁당
1020,ego강한 탑,0,148,0,0,https://lolchess.gg/profile/KR/ego강한 탑
1021,너왜우리팀이니,0,137,0,0,https://lolchess.gg/profile/KR/너왜우리팀이니
1022,히흐히흐히흐,0,148,0,0,https://lolchess.gg/profile/KR/히흐히흐히흐
1023,필통이,0,146,0,0,https://lolchess.gg/profile/KR/필통이
1024,사랑스러운 윈터,0,108,0,0,https://lolchess.gg/profile/KR/사랑스러운 윈터
1025,팬티벗고외쳐,0,223,0,0,https://lolchess.gg/profile/KR/팬티벗고외쳐
1026,돌아온 퇴물김,0,217,0,0,https://lolchess.gg/profile/KR/돌아온 퇴물김
1027,킹카워시,0,92,0,0,https://lolchess.gg/profile/KR/킹카워시
1028,IIIlIlIllll,0,312,0,0,https://lolchess.gg/profile/KR/IIIlIlIllll
1029,강력한 스킬,0,105,0,0,https://lolchess.gg/profile/KR/강력한 스킬
1030,시비걸면들이박음,0,106,0,0,https://lolchess.gg/profile/KR/시비걸면들이박음
1031,최killing,0,123,0,0,https://lolchess.gg/profile/KR/최killing
1032,비제이수노,0,198,0,0,https://lolchess.gg/profile/KR/비제이수노
1033,AfreecaTV 하쯔,0,211,0,0,https://lolchess.gg/profile/KR/AfreecaTV 하쯔
1034,cooma,0,198,0,0,https://lolchess.gg/profile/KR/cooma
1035,히 루,0,91,0,0,https://lolchess.gg/profile/KR/히 루
1036,최 석,0,112,0,0,https://lolchess.gg/profile/KR/최 석
1037,예콤이,0,162,0,0,https://lolchess.gg/profile/KR/예콤이
1038,선린인터넷고,0,186,0,0,https://lolchess.gg/profile/KR/선린인터넷고
1039,건두부볶음,0,152,0,0,https://lolchess.gg/profile/KR/건두부볶음
1040,머하지영,0,124,0,0,https://lolchess.gg/profile/KR/머하지영
1041,BF만먹는당,0,212,0,0,https://lolchess.gg/profile/KR/BF만먹는당
1042,서포터자르반,0,266,0,0,https://lolchess.gg/profile/KR/서포터자르반
1043,기린은 어떻게 울,0,137,0,0,https://lolchess.gg/profile/KR/기린은 어떻게 울
1044,횡지우,0,180,0,0,https://lolchess.gg/profile/KR/횡지우
1045,리리씨,0,183,0,0,https://lolchess.gg/profile/KR/리리씨
1046,종로최강김두하이,0,129,0,0,https://lolchess.gg/profile/KR/종로최강김두하이
1047,남은음식,0,222,0,0,https://lolchess.gg/profile/KR/남은음식
1048,배불뚝이커여워,0,246,0,0,https://lolchess.gg/profile/KR/배불뚝이커여워
1049,언제나 고민중,0,142,0,0,https://lolchess.gg/profile/KR/언제나 고민중
1050,전웃지,0,56,0,0,https://lolchess.gg/profile/KR/전웃지
1051,난 언제까지나,0,170,0,0,https://lolchess.gg/profile/KR/난 언제까지나
1052,아이스키키,0,162,0,0,https://lolchess.gg/profile/KR/아이스키키
1053,후랑당재혁,0,167,0,0,https://lolchess.gg/profile/KR/후랑당재혁
1054,이번시즌챌린저못찍으면자살할사람,0,91,0,0,https://lolchess.gg/profile/KR/이번시즌챌린저못찍으면자살할사람
1055,토토로가싫어오,0,106,0,0,https://lolchess.gg/profile/KR/토토로가싫어오
1056,Sadjy,0,146,0,0,https://lolchess.gg/profile/KR/Sadjy
1057,팔자친구,0,76,0,0,https://lolchess.gg/profile/KR/팔자친구
1058,또또또또또이,0,198,0,0,https://lolchess.gg/profile/KR/또또또또또이
1059,I AM WHO,0,161,0,0,https://lolchess.gg/profile/KR/I AM WHO
1060,차므치,0,107,0,0,https://lolchess.gg/profile/KR/차므치
1061,Checkk,0,123,0,0,https://lolchess.gg/profile/KR/Checkk
1062,천뢰강,0,165,0,0,https://lolchess.gg/profile/KR/천뢰강
1063,엔진차,0,190,0,0,https://lolchess.gg/profile/KR/엔진차
1064,카오베,0,124,0,0,https://lolchess.gg/profile/KR/카오베
1065,조치원 맛복숭아,0,109,0,0,https://lolchess.gg/profile/KR/조치원 맛복숭아
1066,상하는 못참아,0,191,0,0,https://lolchess.gg/profile/KR/상하는 못참아
1067,Acro OHMYEYE,0,69,0,0,https://lolchess.gg/profile/KR/Acro OHMYEYE
1068,showboxx,0,75,0,0,https://lolchess.gg/profile/KR/showboxx
1069,세이아스,0,250,0,0,https://lolchess.gg/profile/KR/세이아스
1070,이성상실본능순실,0,115,0,0,https://lolchess.gg/profile/KR/이성상실본능순실
1071,S0YA,0,134,0,0,https://lolchess.gg/profile/KR/S0YA
1072,설세련,0,147,0,0,https://lolchess.gg/profile/KR/설세련
1073,치릴구,0,242,0,0,https://lolchess.gg/profile/KR/치릴구
1074,Evenfall,0,187,0,0,https://lolchess.gg/profile/KR/Evenfall
1075,당신은 소인배,0,184,0,0,https://lolchess.gg/profile/KR/당신은 소인배
1076,운이매판좋은사람,0,191,0,0,https://lolchess.gg/profile/KR/운이매판좋은사람
1077,매우즐겜,0,186,0,0,https://lolchess.gg/profile/KR/매우즐겜
1078,TOP 우동,0,128,0,0,https://lolchess.gg/profile/KR/TOP 우동
1079,동하구우,0,102,0,0,https://lolchess.gg/profile/KR/동하구우
1080,꽃이 피면,0,150,0,0,https://lolchess.gg/profile/KR/꽃이 피면
1081,범죄군주 펭수,0,99,0,0,https://lolchess.gg/profile/KR/범죄군주 펭수
1082,가 천,0,95,0,0,https://lolchess.gg/profile/KR/가 천
1083,정열의레드,0,176,0,0,https://lolchess.gg/profile/KR/정열의레드
1084,임 세,0,136,0,0,https://lolchess.gg/profile/KR/임 세
1085,몬 터,0,183,0,0,https://lolchess.gg/profile/KR/몬 터
1086,개노개먹기,0,116,0,0,https://lolchess.gg/profile/KR/개노개먹기
1087,빈생각했오,0,102,0,0,https://lolchess.gg/profile/KR/빈생각했오
1088,02Mania,0,142,0,0,https://lolchess.gg/profile/KR/02Mania
1089, 0    GAMES,0,145,0,0,https://lolchess.gg/profile/KR/ 0    GAMES
1090,HELL나이트메어,0,157,0,0,https://lolchess.gg/profile/KR/HELL나이트메어
1091,스틸로1,0,253,0,0,https://lolchess.gg/profile/KR/스틸로1
1092,운명처럼찾아온너,0,137,0,0,https://lolchess.gg/profile/KR/운명처럼찾아온너
1093,뀨장군,0,224,0,0,https://lolchess.gg/profile/KR/뀨장군
1094,SQR,0,300,0,0,https://lolchess.gg/profile/KR/SQR
1095,공략은 프린스,0,88,0,0,https://lolchess.gg/profile/KR/공략은 프린스
1096,엄과함께,0,224,0,0,https://lolchess.gg/profile/KR/엄과함께
1097,현직이에요,0,144,0,0,https://lolchess.gg/profile/KR/현직이에요
1098,퀸나르,0,181,0,0,https://lolchess.gg/profile/KR/퀸나르
1099,어디요,0,135,0,1,https://lolchess.gg/profile/KR/어디요
1100,lazencasaveus1,0,129,0,0,https://lolchess.gg/profile/KR/lazencasaveus1
1101,장 래,0,194,0,0,https://lolchess.gg/profile/KR/장 래
1102,맑은날젊은이,0,219,0,0,https://lolchess.gg/profile/KR/맑은날젊은이
1103,정호덕,0,112,0,0,https://lolchess.gg/profile/KR/정호덕
1104,김끼링,0,101,0,0,https://lolchess.gg/profile/KR/김끼링
1105,엉망진창 건또도,0,228,0,0,https://lolchess.gg/profile/KR/엉망진창 건또도
1106,m9st6r,0,152,0,0,https://lolchess.gg/profile/KR/m9st6r
1107,맘먹은사람,0,148,0,0,https://lolchess.gg/profile/KR/맘먹은사람
1108,살짝졸린사람,0,115,0,0,https://lolchess.gg/profile/KR/살짝졸린사람
1109,공부하라고말해,0,277,0,0,https://lolchess.gg/profile/KR/공부하라고말해
1110,bewitch,0,171,0,0,https://lolchess.gg/profile/KR/bewitch
1111,조만옥,0,153,0,0,https://lolchess.gg/profile/KR/조만옥
1112,뽀로로핑크퐁카봇,0,231,0,0,https://lolchess.gg/profile/KR/뽀로로핑크퐁카봇
1113,시근이쳐,0,222,0,0,https://lolchess.gg/profile/KR/시근이쳐
1114,김규현입니다,0,170,0,0,https://lolchess.gg/profile/KR/김규현입니다
1115,비켜 올라가는중,0,258,0,0,https://lolchess.gg/profile/KR/비켜 올라가는중
1116,LinkHodler,0,213,0,0,https://lolchess.gg/profile/KR/LinkHodler
1117,랏밥 리롤대장,0,109,0,0,https://lolchess.gg/profile/KR/랏밥 리롤대장
1118,문학작품,0,313,0,0,https://lolchess.gg/profile/KR/문학작품
1119,TAEGIEE,0,103,0,0,https://lolchess.gg/profile/KR/TAEGIEE
1120,이고립,0,125,0,0,https://lolchess.gg/profile/KR/이고립
1121,티모를 판다,0,200,0,0,https://lolchess.gg/profile/KR/티모를 판다
1122,산다는 건,0,107,0,0,https://lolchess.gg/profile/KR/산다는 건
1123,Acro DrucKer,0,83,0,0,https://lolchess.gg/profile/KR/Acro DrucKer
1124,202008190717,0,118,0,0,https://lolchess.gg/profile/KR/202008190717
1125,하루봄밤,0,225,0,0,https://lolchess.gg/profile/KR/하루봄밤
1126,롤체세계에서3000만년간썩은물,0,110,0,0,https://lolchess.gg/profile/KR/롤체세계에서3000만년간썩은물
1127,잊재민,0,122,0,0,https://lolchess.gg/profile/KR/잊재민
1128,Ooolong tea,0,102,0,0,https://lolchess.gg/profile/KR/Ooolong tea
1129,판데온,0,130,0,0,https://lolchess.gg/profile/KR/판데온
1130,절대포기금지,0,94,0,0,https://lolchess.gg/profile/KR/절대포기금지
1131,오린아,0,150,0,0,https://lolchess.gg/profile/KR/오린아
1132,돌아온린가드,0,113,0,0,https://lolchess.gg/profile/KR/돌아온린가드
1133,꾸덕님,0,108,0,0,https://lolchess.gg/profile/KR/꾸덕님
1134,변곡점못구한우진,0,108,0,0,https://lolchess.gg/profile/KR/변곡점못구한우진
1135,곽필곤,0,127,0,0,https://lolchess.gg/profile/KR/곽필곤
1136,똥도살살싸자,0,185,0,0,https://lolchess.gg/profile/KR/똥도살살싸자
1137,pnpnn,0,92,0,0,https://lolchess.gg/profile/KR/pnpnn
1138,대 치1,0,238,0,0,https://lolchess.gg/profile/KR/대 치1
1139,창전동호랑이,0,124,0,0,https://lolchess.gg/profile/KR/창전동호랑이
1140,건 똥,0,136,0,0,https://lolchess.gg/profile/KR/건 똥
1141,맵리딩못해여,0,80,0,0,https://lolchess.gg/profile/KR/맵리딩못해여
1142,단란한가족,0,217,0,0,https://lolchess.gg/profile/KR/단란한가족
1143,Yummy,0,176,0,0,https://lolchess.gg/profile/KR/Yummy
1144,블랑한잔해요,0,112,0,0,https://lolchess.gg/profile/KR/블랑한잔해요
1145,아 내 낭만아,0,91,0,0,https://lolchess.gg/profile/KR/아 내 낭만아
1146,털노스,0,223,0,0,https://lolchess.gg/profile/KR/털노스
1147,이런느낌처음이지,0,123,0,0,https://lolchess.gg/profile/KR/이런느낌처음이지
1148,미나2,0,70,0,0,https://lolchess.gg/profile/KR/미나2
1149,대깨킹켄치,0,165,0,0,https://lolchess.gg/profile/KR/대깨킹켄치
1150,똥마렷,0,131,0,0,https://lolchess.gg/profile/KR/똥마렷
1151,랑수민,0,213,0,0,https://lolchess.gg/profile/KR/랑수민
1152,위치롤,0,182,0,0,https://lolchess.gg/profile/KR/위치롤
1153,별을 담은 너,0,152,0,0,https://lolchess.gg/profile/KR/별을 담은 너
1154,이당흥,0,139,0,0,https://lolchess.gg/profile/KR/이당흥
1155,레드는 내거,0,143,0,0,https://lolchess.gg/profile/KR/레드는 내거
1156,김씨택,0,309,0,0,https://lolchess.gg/profile/KR/김씨택
1157,체스는 질병이다,0,125,0,0,https://lolchess.gg/profile/KR/체스는 질병이다
1158,이거버그야버그,0,98,0,0,https://lolchess.gg/profile/KR/이거버그야버그
1159,삐진탑,0,188,0,0,https://lolchess.gg/profile/KR/삐진탑
1160,대가리깨진난동꾼,0,181,0,0,https://lolchess.gg/profile/KR/대가리깨진난동꾼
1161,현직진,0,112,0,0,https://lolchess.gg/profile/KR/현직진
1162,dse,0,119,0,0,https://lolchess.gg/profile/KR/dse
1163,자 꿍,0,201,0,0,https://lolchess.gg/profile/KR/자 꿍
1164,롤토체스반면교사,0,70,0,0,https://lolchess.gg/profile/KR/롤토체스반면교사
1165,로터스무기제발좀,0,118,0,0,https://lolchess.gg/profile/KR/로터스무기제발좀
1166,킹성원,0,303,0,1,https://lolchess.gg/profile/KR/킹성원
1167,만보초,0,106,0,0,https://lolchess.gg/profile/KR/만보초
1168,니개미,0,130,0,0,https://lolchess.gg/profile/KR/니개미
1169,그대와 나 체리,0,176,0,0,https://lolchess.gg/profile/KR/그대와 나 체리
1170,불안정한,0,176,0,0,https://lolchess.gg/profile/KR/불안정한
1171,카운팅 스탈,0,155,0,0,https://lolchess.gg/profile/KR/카운팅 스탈
1172,정육면체커비,0,181,0,0,https://lolchess.gg/profile/KR/정육면체커비
1173,팔랑이무침,0,314,0,0,https://lolchess.gg/profile/KR/팔랑이무침
1174,수학30번,0,76,0,0,https://lolchess.gg/profile/KR/수학30번
1175,pcq,0,179,0,0,https://lolchess.gg/profile/KR/pcq
1176,군침도둑,0,168,0,0,https://lolchess.gg/profile/KR/군침도둑
1177,슬공슬,0,203,0,0,https://lolchess.gg/profile/KR/슬공슬
1178,악마의재능박대한,0,177,0,0,https://lolchess.gg/profile/KR/악마의재능박대한
1179,yonekayn,0,160,0,0,https://lolchess.gg/profile/KR/yonekayn
1180,사이조은,0,113,0,1,https://lolchess.gg/profile/KR/사이조은
1181,아이보리과자,0,98,0,0,https://lolchess.gg/profile/KR/아이보리과자
1182,TFT SMOKER,0,153,0,0,https://lolchess.gg/profile/KR/TFT SMOKER
1183,T1 괴물짬쥐 ,0,100,0,0,https://lolchess.gg/profile/KR/T1 괴물짬쥐 
1184,뚠뚠펭귄,0,76,0,0,https://lolchess.gg/profile/KR/뚠뚠펭귄
1185,MaeSilJuice,0,205,0,1,https://lolchess.gg/profile/KR/MaeSilJuice
1186,동화 속 주인공,0,102,0,0,https://lolchess.gg/profile/KR/동화 속 주인공
1187,Solplank,0,190,0,0,https://lolchess.gg/profile/KR/Solplank
1188,oddhw,0,137,0,0,https://lolchess.gg/profile/KR/oddhw
1189,에케 YouTube,0,114,0,0,https://lolchess.gg/profile/KR/에케 YouTube
1190,인지도,0,279,0,0,https://lolchess.gg/profile/KR/인지도
1191,망한라인차단안감,0,87,0,0,https://lolchess.gg/profile/KR/망한라인차단안감
1192,아영이남푠,0,224,0,0,https://lolchess.gg/profile/KR/아영이남푠
1193,얌 탑,0,176,0,0,https://lolchess.gg/profile/KR/얌 탑
1194,참을성 없는 맹견,0,174,0,0,https://lolchess.gg/profile/KR/참을성 없는 맹견
1195,대림동산낙지,0,137,0,0,https://lolchess.gg/profile/KR/대림동산낙지
1196,10억 모으고 결혼,0,210,0,0,https://lolchess.gg/profile/KR/10억 모으고 결혼
1197,곰보빵너무역겨워,0,163,0,0,https://lolchess.gg/profile/KR/곰보빵너무역겨워
1198,안토닉,0,267,0,0,https://lolchess.gg/profile/KR/안토닉
1199,낚시도구,0,77,0,0,https://lolchess.gg/profile/KR/낚시도구
1200,뚜라임,0,244,0,0,https://lolchess.gg/profile/KR/뚜라임
1201,아직나는부족하다,0,186,0,0,https://lolchess.gg/profile/KR/아직나는부족하다
1202,나그거한입만주라,0,119,0,0,https://lolchess.gg/profile/KR/나그거한입만주라
1203,람모한초밥,0,113,0,0,https://lolchess.gg/profile/KR/람모한초밥
1204,딜교 성공적,0,139,0,0,https://lolchess.gg/profile/KR/딜교 성공적
1205,김 활 ,0,225,0,0,https://lolchess.gg/profile/KR/김 활 
1206,엄준식사냥꾼,0,140,0,0,https://lolchess.gg/profile/KR/엄준식사냥꾼
1207,사슴장인 김노루,0,77,0,0,https://lolchess.gg/profile/KR/사슴장인 김노루
1208,터득할수있는놈,0,172,0,0,https://lolchess.gg/profile/KR/터득할수있는놈
1209,Aed Lua,0,143,0,0,https://lolchess.gg/profile/KR/Aed Lua
1210,루키7,0,194,0,0,https://lolchess.gg/profile/KR/루키7
1211,난고양이가될거야,0,104,0,0,https://lolchess.gg/profile/KR/난고양이가될거야
1212,Random Work,0,239,0,0,https://lolchess.gg/profile/KR/Random Work
1213,초밥짱,0,269,0,0,https://lolchess.gg/profile/KR/초밥짱
1214,눈 딘,0,115,0,0,https://lolchess.gg/profile/KR/눈 딘
1215,원딜아니면서폿감,0,162,-10,1,https://lolchess.gg/profile/KR/원딜아니면서폿감
1216,나에게도봄이오길,40,164,-13,1,https://lolchess.gg/profile/KR/나에게도봄이오길
1217,5사교계홍준표,42,238,-21,1,https://lolchess.gg/profile/KR/5사교계홍준표
1218,Blackdogzz,49,262,-25,1,https://lolchess.gg/profile/KR/Blackdogzz
1219,공략은 이원빈,15,189,-28,1,https://lolchess.gg/profile/KR/공략은 이원빈
1220,순방하게해줘,55,115,-36,1,https://lolchess.gg/profile/KR/순방하게해줘
1221,급식class,51,155,-43,1,https://lolchess.gg/profile/KR/급식class
1222,산악 자전거,471,267,-50,1,https://lolchess.gg/profile/KR/산악 자전거
1223,FlashL,36,160,-61,1,https://lolchess.gg/profile/KR/FlashL
1224,안 룽,22,194,-66,1,https://lolchess.gg/profile/KR/안 룽
