Nick,League Points,Total Games,Daily League Points,Daily Games,lolchess
TTVBebe872,1531,210,0,0,https://lolchess.gg/profile/KR/TTVBebe872
uL 빈틈,1246,150,0,0,https://lolchess.gg/profile/KR/uL 빈틈
1Chon,1146,217,0,0,https://lolchess.gg/profile/KR/1Chon
강선종,1033,247,0,0,https://lolchess.gg/profile/KR/강선종
쵸리네,1010,235,0,0,https://lolchess.gg/profile/KR/쵸리네
오박사TV,885,167,0,0,https://lolchess.gg/profile/KR/오박사TV
리롤을 잘 치는 타카기 양,873,173,0,0,https://lolchess.gg/profile/KR/리롤을 잘 치는 타카기 양
nywell,840,311,0,0,https://lolchess.gg/profile/KR/nywell
트위치 효구리,799,223,0,0,https://lolchess.gg/profile/KR/트위치 효구리
발바닥위에,789,262,0,0,https://lolchess.gg/profile/KR/발바닥위에
Acro 작은거인,787,198,0,0,https://lolchess.gg/profile/KR/Acro 작은거인
My Paradise,782,175,0,0,https://lolchess.gg/profile/KR/My Paradise
uL ZENIA,752,241,0,0,https://lolchess.gg/profile/KR/uL ZENIA
Acro 정재경,725,159,0,0,https://lolchess.gg/profile/KR/Acro 정재경
밀짚모자 쌍옆,721,121,0,0,https://lolchess.gg/profile/KR/밀짚모자 쌍옆
uL precel,689,273,0,0,https://lolchess.gg/profile/KR/uL precel
TwTF 엘무무,684,205,0,0,https://lolchess.gg/profile/KR/TwTF 엘무무
Acro uu,682,130,0,0,https://lolchess.gg/profile/KR/Acro uu
아갓어,678,237,0,0,https://lolchess.gg/profile/KR/아갓어
strongsexy,658,255,0,0,https://lolchess.gg/profile/KR/strongsexy
이렇게 좋은 날,649,126,0,0,https://lolchess.gg/profile/KR/이렇게 좋은 날
lllliililiilllli,587,157,0,0,https://lolchess.gg/profile/KR/lllliililiilllli
동찬1,572,207,0,0,https://lolchess.gg/profile/KR/동찬1
Elatha,571,254,0,0,https://lolchess.gg/profile/KR/Elatha
푸도로,542,228,0,0,https://lolchess.gg/profile/KR/푸도로
Acro 히츄,542,147,0,0,https://lolchess.gg/profile/KR/Acro 히츄
No Mid Kaisa Plz,539,91,0,0,https://lolchess.gg/profile/KR/No Mid Kaisa Plz
Acro Nicole,536,264,0,0,https://lolchess.gg/profile/KR/Acro Nicole
므네짱짱,533,188,0,0,https://lolchess.gg/profile/KR/므네짱짱
서아 사랑해,520,165,0,0,https://lolchess.gg/profile/KR/서아 사랑해
플인선,513,193,0,0,https://lolchess.gg/profile/KR/플인선
Trick C,512,248,0,0,https://lolchess.gg/profile/KR/Trick C
양심트리거,512,132,0,0,https://lolchess.gg/profile/KR/양심트리거
비읍이응치읓,512,130,0,0,https://lolchess.gg/profile/KR/비읍이응치읓
uL 깨룩,511,113,0,0,https://lolchess.gg/profile/KR/uL 깨룩
uL 판키,509,153,0,0,https://lolchess.gg/profile/KR/uL 판키
acro 상mini,508,179,0,0,https://lolchess.gg/profile/KR/acro 상mini
칼픽 다리,507,144,0,0,https://lolchess.gg/profile/KR/칼픽 다리
incheonfist,505,153,0,0,https://lolchess.gg/profile/KR/incheonfist
표 면,500,150,0,0,https://lolchess.gg/profile/KR/표 면
uL 벌비,472,191,0,0,https://lolchess.gg/profile/KR/uL 벌비
산악 자전거,471,267,0,0,https://lolchess.gg/profile/KR/산악 자전거
Gaross,471,126,0,0,https://lolchess.gg/profile/KR/Gaross
여리링,468,214,0,0,https://lolchess.gg/profile/KR/여리링
뿔보 정점 김뚜헝,461,212,0,0,https://lolchess.gg/profile/KR/뿔보 정점 김뚜헝
김강한2,456,252,0,0,https://lolchess.gg/profile/KR/김강한2
깔끔하고,448,51,0,0,https://lolchess.gg/profile/KR/깔끔하고
I Pray 4 U,447,172,0,0,https://lolchess.gg/profile/KR/I Pray 4 U
중수 모데카이저,432,248,0,0,https://lolchess.gg/profile/KR/중수 모데카이저
Hz 쁘보배,432,150,0,0,https://lolchess.gg/profile/KR/Hz 쁘보배
kimodd1,425,165,0,0,https://lolchess.gg/profile/KR/kimodd1
엠브로돈까스,424,223,0,0,https://lolchess.gg/profile/KR/엠브로돈까스
꼬마 근열맨,423,221,0,0,https://lolchess.gg/profile/KR/꼬마 근열맨
채수채수밭,421,230,0,0,https://lolchess.gg/profile/KR/채수채수밭
조정회,419,223,0,0,https://lolchess.gg/profile/KR/조정회
우리크,418,155,0,0,https://lolchess.gg/profile/KR/우리크
이미스,416,208,0,0,https://lolchess.gg/profile/KR/이미스
뚜 두,415,125,0,0,https://lolchess.gg/profile/KR/뚜 두
사랑을보키합니다,414,150,0,0,https://lolchess.gg/profile/KR/사랑을보키합니다
예능덱 프로듀서,413,118,0,0,https://lolchess.gg/profile/KR/예능덱 프로듀서
uL Pado,412,172,0,0,https://lolchess.gg/profile/KR/uL Pado
DH CNJ우쭐리우중,412,138,0,0,https://lolchess.gg/profile/KR/DH CNJ우쭐리우중
꼴픽이,408,165,0,0,https://lolchess.gg/profile/KR/꼴픽이
Teukhan,406,175,0,0,https://lolchess.gg/profile/KR/Teukhan
쌔로하자,403,223,0,0,https://lolchess.gg/profile/KR/쌔로하자
기무형진,399,285,0,0,https://lolchess.gg/profile/KR/기무형진
다우니아야해떠,393,175,0,0,https://lolchess.gg/profile/KR/다우니아야해떠
깎은사과,386,201,0,0,https://lolchess.gg/profile/KR/깎은사과
롤좀하는가,381,91,0,0,https://lolchess.gg/profile/KR/롤좀하는가
Day G,380,233,0,0,https://lolchess.gg/profile/KR/Day G
Koreanberry,375,168,0,0,https://lolchess.gg/profile/KR/Koreanberry
단간론파키리기리,373,149,0,0,https://lolchess.gg/profile/KR/단간론파키리기리
rkanswjs,371,182,0,0,https://lolchess.gg/profile/KR/rkanswjs
여고생 모순니,366,301,0,0,https://lolchess.gg/profile/KR/여고생 모순니
로디2,363,169,0,0,https://lolchess.gg/profile/KR/로디2
Keep U mine,360,155,0,0,https://lolchess.gg/profile/KR/Keep U mine
윤종기,356,125,0,0,https://lolchess.gg/profile/KR/윤종기
Aned,355,235,0,0,https://lolchess.gg/profile/KR/Aned
TFT 킹태종,350,114,0,0,https://lolchess.gg/profile/KR/TFT 킹태종
정 장,348,162,0,0,https://lolchess.gg/profile/KR/정 장
ezpacmanzz,345,90,0,0,https://lolchess.gg/profile/KR/ezpacmanzz
호 까,343,178,0,0,https://lolchess.gg/profile/KR/호 까
우찌TV,342,165,0,0,https://lolchess.gg/profile/KR/우찌TV
사이드간다,341,199,0,0,https://lolchess.gg/profile/KR/사이드간다
God Gyeom,340,107,0,0,https://lolchess.gg/profile/KR/God Gyeom
한비니즘,338,106,0,0,https://lolchess.gg/profile/KR/한비니즘
4sexy,337,207,0,0,https://lolchess.gg/profile/KR/4sexy
꼬마 나메,333,140,0,0,https://lolchess.gg/profile/KR/꼬마 나메
새벽녘 너를 보며,333,140,0,0,https://lolchess.gg/profile/KR/새벽녘 너를 보며
동수칸 fan,332,156,0,0,https://lolchess.gg/profile/KR/동수칸 fan
빠코TV,331,135,0,0,https://lolchess.gg/profile/KR/빠코TV
내꺼만봄,324,169,0,0,https://lolchess.gg/profile/KR/내꺼만봄
초콜렛공장,321,169,0,0,https://lolchess.gg/profile/KR/초콜렛공장
둉 민,319,133,0,0,https://lolchess.gg/profile/KR/둉 민
엉망진창 초구리,319,194,0,0,https://lolchess.gg/profile/KR/엉망진창 초구리
mymaster2,313,147,0,0,https://lolchess.gg/profile/KR/mymaster2
준석이준석,312,217,0,0,https://lolchess.gg/profile/KR/준석이준석
TwTF 김준민,312,199,0,0,https://lolchess.gg/profile/KR/TwTF 김준민
배 서,311,111,0,0,https://lolchess.gg/profile/KR/배 서
당근파 꼬봉 창훈,311,206,0,0,https://lolchess.gg/profile/KR/당근파 꼬봉 창훈
무 오,310,98,0,0,https://lolchess.gg/profile/KR/무 오
푸리에방정식2,310,183,0,0,https://lolchess.gg/profile/KR/푸리에방정식2
미끌미끌미꾸라지,309,340,0,0,https://lolchess.gg/profile/KR/미끌미끌미꾸라지
미쳐버린운빨,307,154,0,0,https://lolchess.gg/profile/KR/미쳐버린운빨
김 현 썬,305,191,0,0,https://lolchess.gg/profile/KR/김 현 썬
유미로널지켜줄게,305,118,0,0,https://lolchess.gg/profile/KR/유미로널지켜줄게
a hickey,305,185,0,0,https://lolchess.gg/profile/KR/a hickey
마 도나쓰 무봤나,304,130,0,0,https://lolchess.gg/profile/KR/마 도나쓰 무봤나
불사단,304,357,0,0,https://lolchess.gg/profile/KR/불사단
엉망진창 니얼굴,301,172,0,0,https://lolchess.gg/profile/KR/엉망진창 니얼굴
Jay Park fan,299,210,0,0,https://lolchess.gg/profile/KR/Jay Park fan
지크보건배라민초,298,137,0,0,https://lolchess.gg/profile/KR/지크보건배라민초
근데뻥,297,198,0,0,https://lolchess.gg/profile/KR/근데뻥
김밥처럼 넌 만두처럼 달콤해,297,137,0,0,https://lolchess.gg/profile/KR/김밥처럼 넌 만두처럼 달콤해
그냥이게맞아,296,134,0,0,https://lolchess.gg/profile/KR/그냥이게맞아
순뜨부,295,250,0,0,https://lolchess.gg/profile/KR/순뜨부
TwTF 쏭우,295,102,0,0,https://lolchess.gg/profile/KR/TwTF 쏭우
고려헬스클럽,294,101,0,0,https://lolchess.gg/profile/KR/고려헬스클럽
개소리 한소리,294,155,0,0,https://lolchess.gg/profile/KR/개소리 한소리
뀨북이,291,123,0,0,https://lolchess.gg/profile/KR/뀨북이
shungjinsoo,289,187,0,0,https://lolchess.gg/profile/KR/shungjinsoo
OH MY AH,289,194,0,0,https://lolchess.gg/profile/KR/OH MY AH
숩 in,288,170,0,0,https://lolchess.gg/profile/KR/숩 in
성연맨,287,119,0,0,https://lolchess.gg/profile/KR/성연맨
정예삐,287,136,0,0,https://lolchess.gg/profile/KR/정예삐
랄까어이,286,88,0,0,https://lolchess.gg/profile/KR/랄까어이
gochess,285,178,0,0,https://lolchess.gg/profile/KR/gochess
꼴픽이보고안배움,285,143,0,0,https://lolchess.gg/profile/KR/꼴픽이보고안배움
볼베형님큰형님,285,211,0,0,https://lolchess.gg/profile/KR/볼베형님큰형님
대성초,284,274,0,0,https://lolchess.gg/profile/KR/대성초
빌지워터의뒷골목,283,175,0,0,https://lolchess.gg/profile/KR/빌지워터의뒷골목
Gun Gang,281,72,0,0,https://lolchess.gg/profile/KR/Gun Gang
민첩사수,279,79,0,0,https://lolchess.gg/profile/KR/민첩사수
걸려걸려들었어,277,122,0,0,https://lolchess.gg/profile/KR/걸려걸려들었어
dunezune,276,120,0,0,https://lolchess.gg/profile/KR/dunezune
Hz 카지노딜러,275,176,0,0,https://lolchess.gg/profile/KR/Hz 카지노딜러
롯데리아보단맥날,274,117,0,0,https://lolchess.gg/profile/KR/롯데리아보단맥날
바나나코,274,103,0,0,https://lolchess.gg/profile/KR/바나나코
억까존내당하는중,273,113,0,0,https://lolchess.gg/profile/KR/억까존내당하는중
응애 나 애기보리,272,163,0,0,https://lolchess.gg/profile/KR/응애 나 애기보리
몰라요한국말,272,218,0,0,https://lolchess.gg/profile/KR/몰라요한국말
맛없는오렌지,272,108,0,0,https://lolchess.gg/profile/KR/맛없는오렌지
설빙봉 ,271,265,0,0,https://lolchess.gg/profile/KR/설빙봉 
극악무도 복실이,271,138,0,0,https://lolchess.gg/profile/KR/극악무도 복실이
갑툭튀헤카림,270,304,0,0,https://lolchess.gg/profile/KR/갑툭튀헤카림
Harlow J,267,169,0,0,https://lolchess.gg/profile/KR/Harlow J
덕소나몽이,266,229,0,0,https://lolchess.gg/profile/KR/덕소나몽이
스즈미야서동혐의우울,265,125,0,0,https://lolchess.gg/profile/KR/스즈미야서동혐의우울
즐겜하는 노마딕,264,138,0,0,https://lolchess.gg/profile/KR/즐겜하는 노마딕
타릭타릭,264,108,0,0,https://lolchess.gg/profile/KR/타릭타릭
dunizuni,263,199,0,0,https://lolchess.gg/profile/KR/dunizuni
집값폭등 문재인,260,92,0,0,https://lolchess.gg/profile/KR/집값폭등 문재인
순방요정,260,84,0,0,https://lolchess.gg/profile/KR/순방요정
롤체김병만,260,200,0,0,https://lolchess.gg/profile/KR/롤체김병만
Do Our Utmost,257,277,0,0,https://lolchess.gg/profile/KR/Do Our Utmost
정동글 YouTube,256,86,0,0,https://lolchess.gg/profile/KR/정동글 YouTube
Tilted,255,134,0,0,https://lolchess.gg/profile/KR/Tilted
우리할수있잖아,255,133,0,0,https://lolchess.gg/profile/KR/우리할수있잖아
다 잘될고양이,250,137,0,0,https://lolchess.gg/profile/KR/다 잘될고양이
콩대congdae,249,149,0,0,https://lolchess.gg/profile/KR/콩대congdae
김도칠,247,174,0,0,https://lolchess.gg/profile/KR/김도칠
서강대영미어문,246,114,0,0,https://lolchess.gg/profile/KR/서강대영미어문
엉망진창 김대규,245,149,0,0,https://lolchess.gg/profile/KR/엉망진창 김대규
Twitch 카시장인,245,122,0,0,https://lolchess.gg/profile/KR/Twitch 카시장인
KinNiDa,244,80,0,0,https://lolchess.gg/profile/KR/KinNiDa
TFT 화려강산,244,152,0,0,https://lolchess.gg/profile/KR/TFT 화려강산
귀여운민찌,243,232,0,0,https://lolchess.gg/profile/KR/귀여운민찌
마르하바,243,150,0,0,https://lolchess.gg/profile/KR/마르하바
윤경누나,241,146,0,0,https://lolchess.gg/profile/KR/윤경누나
겹쳐도 절대 안 뺌 ,239,111,0,0,https://lolchess.gg/profile/KR/겹쳐도 절대 안 뺌 
우르르까꿍,239,142,0,0,https://lolchess.gg/profile/KR/우르르까꿍
최전방 즐라탄 이브라히모비치,236,73,0,0,https://lolchess.gg/profile/KR/최전방 즐라탄 이브라히모비치
뀨서누,236,237,0,0,https://lolchess.gg/profile/KR/뀨서누
유석현 분쇄기,235,129,0,0,https://lolchess.gg/profile/KR/유석현 분쇄기
영판항,235,106,0,0,https://lolchess.gg/profile/KR/영판항
지점토찰흙,232,149,0,0,https://lolchess.gg/profile/KR/지점토찰흙
diay,232,116,0,0,https://lolchess.gg/profile/KR/diay
금먹는금붕어,232,127,0,0,https://lolchess.gg/profile/KR/금먹는금붕어
자이라 고수,230,98,0,0,https://lolchess.gg/profile/KR/자이라 고수
김철회,230,169,0,0,https://lolchess.gg/profile/KR/김철회
Hwj,229,191,0,0,https://lolchess.gg/profile/KR/Hwj
자타공인회계사,229,107,0,0,https://lolchess.gg/profile/KR/자타공인회계사
AFTV 삼디,229,190,0,0,https://lolchess.gg/profile/KR/AFTV 삼디
발광자,229,250,0,0,https://lolchess.gg/profile/KR/발광자
따갚되,229,169,0,0,https://lolchess.gg/profile/KR/따갚되
병빡이,229,248,0,0,https://lolchess.gg/profile/KR/병빡이
Ryunet,228,137,0,0,https://lolchess.gg/profile/KR/Ryunet
아냐는 땅콩 좋아,227,147,0,0,https://lolchess.gg/profile/KR/아냐는 땅콩 좋아
주경찬,227,250,0,0,https://lolchess.gg/profile/KR/주경찬
달빛과 바다,227,120,0,0,https://lolchess.gg/profile/KR/달빛과 바다
hz 홧또,226,129,0,0,https://lolchess.gg/profile/KR/hz 홧또
위장티어,226,216,0,0,https://lolchess.gg/profile/KR/위장티어
잭스카운터뽀삐,226,305,0,0,https://lolchess.gg/profile/KR/잭스카운터뽀삐
수 갓,225,111,0,0,https://lolchess.gg/profile/KR/수 갓
요르르륵,224,106,0,0,https://lolchess.gg/profile/KR/요르르륵
조유리즈 비까리,224,122,0,0,https://lolchess.gg/profile/KR/조유리즈 비까리
탐스런복숭아,223,102,0,0,https://lolchess.gg/profile/KR/탐스런복숭아
훈 순,221,98,0,0,https://lolchess.gg/profile/KR/훈 순
Evoprim,221,110,0,0,https://lolchess.gg/profile/KR/Evoprim
팀운진짜좋음,221,90,0,0,https://lolchess.gg/profile/KR/팀운진짜좋음
그런편이야,221,148,0,0,https://lolchess.gg/profile/KR/그런편이야
DG는게꿈이니,220,147,0,0,https://lolchess.gg/profile/KR/DG는게꿈이니
Crypto,219,107,0,0,https://lolchess.gg/profile/KR/Crypto
으르신말씀,218,125,0,0,https://lolchess.gg/profile/KR/으르신말씀
명짜이,218,150,0,0,https://lolchess.gg/profile/KR/명짜이
겸뱅이,218,174,0,0,https://lolchess.gg/profile/KR/겸뱅이
이수피 팬,217,185,0,0,https://lolchess.gg/profile/KR/이수피 팬
향모야,217,113,0,0,https://lolchess.gg/profile/KR/향모야
정말 귀여워요,217,152,0,0,https://lolchess.gg/profile/KR/정말 귀여워요
불암초척추분쇄기,216,149,0,0,https://lolchess.gg/profile/KR/불암초척추분쇄기
레아 00,216,140,0,0,https://lolchess.gg/profile/KR/레아 00
koheu,214,147,0,0,https://lolchess.gg/profile/KR/koheu
lojpm,213,165,0,0,https://lolchess.gg/profile/KR/lojpm
TGSPaladin,213,206,0,0,https://lolchess.gg/profile/KR/TGSPaladin
야생녀,212,109,0,0,https://lolchess.gg/profile/KR/야생녀
내 딸 다이애나,212,213,0,0,https://lolchess.gg/profile/KR/내 딸 다이애나
찌녕이야,212,138,0,0,https://lolchess.gg/profile/KR/찌녕이야
Not Ordinary,212,131,0,0,https://lolchess.gg/profile/KR/Not Ordinary
마이 그브 벡스,211,140,0,0,https://lolchess.gg/profile/KR/마이 그브 벡스
지보배,211,113,0,0,https://lolchess.gg/profile/KR/지보배
simsun7,211,112,0,0,https://lolchess.gg/profile/KR/simsun7
꼬마 커비,211,122,0,0,https://lolchess.gg/profile/KR/꼬마 커비
롤체어려운사람,211,290,0,0,https://lolchess.gg/profile/KR/롤체어려운사람
란란런,210,223,0,0,https://lolchess.gg/profile/KR/란란런
억까쟁이,209,179,0,0,https://lolchess.gg/profile/KR/억까쟁이
fne,209,112,0,0,https://lolchess.gg/profile/KR/fne
T33MO,209,165,0,0,https://lolchess.gg/profile/KR/T33MO
9ood bye,209,275,0,0,https://lolchess.gg/profile/KR/9ood bye
Mandrain,209,127,0,0,https://lolchess.gg/profile/KR/Mandrain
노래하는쭌,209,194,0,0,https://lolchess.gg/profile/KR/노래하는쭌
Soldering,208,175,0,0,https://lolchess.gg/profile/KR/Soldering
엉망진창 손격,208,208,0,0,https://lolchess.gg/profile/KR/엉망진창 손격
DiIlrose,208,183,0,0,https://lolchess.gg/profile/KR/DiIlrose
hicost,207,81,0,0,https://lolchess.gg/profile/KR/hicost
곽희영 공주 ,207,136,0,0,https://lolchess.gg/profile/KR/곽희영 공주 
트위치 나린,207,93,0,0,https://lolchess.gg/profile/KR/트위치 나린
꼬마 말랑,206,151,0,0,https://lolchess.gg/profile/KR/꼬마 말랑
세나릴,204,208,0,0,https://lolchess.gg/profile/KR/세나릴
베인 OuO b,204,136,0,0,https://lolchess.gg/profile/KR/베인 OuO b
You Kn0w What,204,68,0,0,https://lolchess.gg/profile/KR/You Kn0w What
명품캐시할인,204,167,0,0,https://lolchess.gg/profile/KR/명품캐시할인
사월에,204,243,0,0,https://lolchess.gg/profile/KR/사월에
민 떠,203,164,0,0,https://lolchess.gg/profile/KR/민 떠
리플평단 1430,203,81,0,0,https://lolchess.gg/profile/KR/리플평단 1430
행복한 시바,201,174,0,0,https://lolchess.gg/profile/KR/행복한 시바
나는 짹,201,161,0,0,https://lolchess.gg/profile/KR/나는 짹
Moeru Hana,201,180,0,0,https://lolchess.gg/profile/KR/Moeru Hana
cucua1,201,253,0,0,https://lolchess.gg/profile/KR/cucua1
Japan Mango,201,113,0,0,https://lolchess.gg/profile/KR/Japan Mango
twitch 초신성,201,155,0,0,https://lolchess.gg/profile/KR/twitch 초신성
uL 호준,201,116,0,0,https://lolchess.gg/profile/KR/uL 호준
Kimdarlim,200,112,0,0,https://lolchess.gg/profile/KR/Kimdarlim
단검에 순보,200,123,0,0,https://lolchess.gg/profile/KR/단검에 순보
Absolute 찬,200,204,0,0,https://lolchess.gg/profile/KR/Absolute 찬
탱글제비,194,175,0,0,https://lolchess.gg/profile/KR/탱글제비
헬로woo,192,175,0,0,https://lolchess.gg/profile/KR/헬로woo
IVE 11,192,209,0,0,https://lolchess.gg/profile/KR/IVE 11
고속버스꼬북이,190,232,0,0,https://lolchess.gg/profile/KR/고속버스꼬북이
꼬마 아서,190,133,0,0,https://lolchess.gg/profile/KR/꼬마 아서
방배동파퀴아오,189,121,0,0,https://lolchess.gg/profile/KR/방배동파퀴아오
박 휘 동,189,91,0,0,https://lolchess.gg/profile/KR/박 휘 동
The Sign,187,133,0,0,https://lolchess.gg/profile/KR/The Sign
호호재재,187,194,0,0,https://lolchess.gg/profile/KR/호호재재
TFT 구구가가,187,299,0,0,https://lolchess.gg/profile/KR/TFT 구구가가
제이허니,186,228,0,0,https://lolchess.gg/profile/KR/제이허니
Yonezu Kenshi,184,124,0,0,https://lolchess.gg/profile/KR/Yonezu Kenshi
저녁은 저년이야,184,97,0,0,https://lolchess.gg/profile/KR/저녁은 저년이야
피야노,182,150,0,0,https://lolchess.gg/profile/KR/피야노
모드리춘,181,176,0,0,https://lolchess.gg/profile/KR/모드리춘
북경아기삵,180,173,0,0,https://lolchess.gg/profile/KR/북경아기삵
퐁당 빠져버렷어,177,163,0,0,https://lolchess.gg/profile/KR/퐁당 빠져버렷어
behappy0504,176,174,0,0,https://lolchess.gg/profile/KR/behappy0504
적사스오,174,147,0,0,https://lolchess.gg/profile/KR/적사스오
장유보안관,172,139,0,0,https://lolchess.gg/profile/KR/장유보안관
조 득,172,247,0,0,https://lolchess.gg/profile/KR/조 득
빙이는 공주야,172,160,0,0,https://lolchess.gg/profile/KR/빙이는 공주야
10조동화,168,96,0,0,https://lolchess.gg/profile/KR/10조동화
데이터분석완료,168,143,0,0,https://lolchess.gg/profile/KR/데이터분석완료
싱싱싱싱,167,213,0,0,https://lolchess.gg/profile/KR/싱싱싱싱
내가 그때 널 잡았더라면,167,148,0,0,https://lolchess.gg/profile/KR/내가 그때 널 잡았더라면
두니가 제일잘함,166,244,0,0,https://lolchess.gg/profile/KR/두니가 제일잘함
일단내탓아니다,165,174,0,0,https://lolchess.gg/profile/KR/일단내탓아니다
올빼미형인간,164,117,0,0,https://lolchess.gg/profile/KR/올빼미형인간
내가 문제다,163,257,0,0,https://lolchess.gg/profile/KR/내가 문제다
OH MY EYE,162,80,0,0,https://lolchess.gg/profile/KR/OH MY EYE
김해 류호성,162,221,0,0,https://lolchess.gg/profile/KR/김해 류호성
33435,162,77,0,0,https://lolchess.gg/profile/KR/33435
lAB STUDIO,161,126,0,0,https://lolchess.gg/profile/KR/lAB STUDIO
김홍관,161,201,0,0,https://lolchess.gg/profile/KR/김홍관
스킬찍찍찍,160,146,0,0,https://lolchess.gg/profile/KR/스킬찍찍찍
BJ 김동오,160,153,0,0,https://lolchess.gg/profile/KR/BJ 김동오
홈카페프렌즈,159,168,0,0,https://lolchess.gg/profile/KR/홈카페프렌즈
롤 체 폐 인 남,158,144,0,0,https://lolchess.gg/profile/KR/롤 체 폐 인 남
숲들숲들,158,119,0,0,https://lolchess.gg/profile/KR/숲들숲들
대 깨,157,239,0,0,https://lolchess.gg/profile/KR/대 깨
PingPingPong,156,145,0,0,https://lolchess.gg/profile/KR/PingPingPong
명예4레벨,156,174,0,0,https://lolchess.gg/profile/KR/명예4레벨
비잉빙돌아가는,156,98,0,0,https://lolchess.gg/profile/KR/비잉빙돌아가는
이지은금동,154,103,0,0,https://lolchess.gg/profile/KR/이지은금동
TOP SOLO KlNG,154,158,0,0,https://lolchess.gg/profile/KR/TOP SOLO KlNG
lIlIIllIlllIlIll,153,94,0,0,https://lolchess.gg/profile/KR/lIlIIllIlllIlIll
와라이오니,152,138,0,0,https://lolchess.gg/profile/KR/와라이오니
부감 촬영,152,146,0,0,https://lolchess.gg/profile/KR/부감 촬영
협찰찰찰,152,152,0,0,https://lolchess.gg/profile/KR/협찰찰찰
hipii,152,107,0,0,https://lolchess.gg/profile/KR/hipii
안혁준2,151,145,0,0,https://lolchess.gg/profile/KR/안혁준2
금발태닝안정현,150,270,0,0,https://lolchess.gg/profile/KR/금발태닝안정현
꼬마 고고개미,150,162,0,0,https://lolchess.gg/profile/KR/꼬마 고고개미
최상의 폼,150,237,0,0,https://lolchess.gg/profile/KR/최상의 폼
던파정공,149,190,0,0,https://lolchess.gg/profile/KR/던파정공
꼬니는사랑입니다,149,84,0,0,https://lolchess.gg/profile/KR/꼬니는사랑입니다
싼타할매,149,202,0,0,https://lolchess.gg/profile/KR/싼타할매
엉망진창 보리님,149,183,0,0,https://lolchess.gg/profile/KR/엉망진창 보리님
mmaki,147,215,0,0,https://lolchess.gg/profile/KR/mmaki
심장이쿵했다,146,107,0,0,https://lolchess.gg/profile/KR/심장이쿵했다
팡윤승,146,84,0,0,https://lolchess.gg/profile/KR/팡윤승
차두라리스크,144,247,0,0,https://lolchess.gg/profile/KR/차두라리스크
허니비 YouTube,143,213,0,0,https://lolchess.gg/profile/KR/허니비 YouTube
초콜렛공장부사장,143,118,0,0,https://lolchess.gg/profile/KR/초콜렛공장부사장
Deception,143,141,0,0,https://lolchess.gg/profile/KR/Deception
여성청결제,141,180,0,0,https://lolchess.gg/profile/KR/여성청결제
꼬마 현누당,140,145,0,0,https://lolchess.gg/profile/KR/꼬마 현누당
꼬마 밥사,140,226,0,0,https://lolchess.gg/profile/KR/꼬마 밥사
아흑팡,139,278,0,0,https://lolchess.gg/profile/KR/아흑팡
영돌이,137,128,0,0,https://lolchess.gg/profile/KR/영돌이
시작하면muteall,137,217,0,0,https://lolchess.gg/profile/KR/시작하면muteall
민보배2,137,71,0,0,https://lolchess.gg/profile/KR/민보배2
KT 영어선생님,137,123,0,0,https://lolchess.gg/profile/KR/KT 영어선생님
경이보고배움,137,284,0,0,https://lolchess.gg/profile/KR/경이보고배움
혈통좋은사람,137,145,0,0,https://lolchess.gg/profile/KR/혈통좋은사람
Wonder la der la,136,125,0,0,https://lolchess.gg/profile/KR/Wonder la der la
fhfcpdnlgoaksems,136,170,0,0,https://lolchess.gg/profile/KR/fhfcpdnlgoaksems
Crimesays,135,174,0,0,https://lolchess.gg/profile/KR/Crimesays
TwTF 상로쿠,134,116,0,0,https://lolchess.gg/profile/KR/TwTF 상로쿠
aveugIe,133,163,0,0,https://lolchess.gg/profile/KR/aveugIe
참새현,133,228,0,0,https://lolchess.gg/profile/KR/참새현
연 장 점,133,300,0,0,https://lolchess.gg/profile/KR/연 장 점
보슬비,132,140,0,0,https://lolchess.gg/profile/KR/보슬비
겸댕뿌잉,132,75,0,0,https://lolchess.gg/profile/KR/겸댕뿌잉
명품서폿나재한,131,189,0,0,https://lolchess.gg/profile/KR/명품서폿나재한
TFT gooanil,130,290,0,0,https://lolchess.gg/profile/KR/TFT gooanil
가슴큰 여자가 짱,130,259,0,0,https://lolchess.gg/profile/KR/가슴큰 여자가 짱
스미노프,130,96,0,0,https://lolchess.gg/profile/KR/스미노프
WinMo,129,134,0,0,https://lolchess.gg/profile/KR/WinMo
맥주먹다 다친 훈,129,136,0,0,https://lolchess.gg/profile/KR/맥주먹다 다친 훈
Stiis,128,141,0,0,https://lolchess.gg/profile/KR/Stiis
네네네네네대폭주,128,145,0,0,https://lolchess.gg/profile/KR/네네네네네대폭주
unlord,128,109,0,0,https://lolchess.gg/profile/KR/unlord
잠이 드는 상상,128,236,0,0,https://lolchess.gg/profile/KR/잠이 드는 상상
4a4a4a4a4a4a,127,167,0,0,https://lolchess.gg/profile/KR/4a4a4a4a4a4a
돌돌잭,126,178,0,0,https://lolchess.gg/profile/KR/돌돌잭
백숭민,126,136,0,0,https://lolchess.gg/profile/KR/백숭민
난몰라,125,97,0,0,https://lolchess.gg/profile/KR/난몰라
유농농이,125,118,0,0,https://lolchess.gg/profile/KR/유농농이
ShrimpVicious,125,90,0,0,https://lolchess.gg/profile/KR/ShrimpVicious
순 바,125,163,0,0,https://lolchess.gg/profile/KR/순 바
벚꽃s,124,180,0,0,https://lolchess.gg/profile/KR/벚꽃s
남부지소,124,163,0,0,https://lolchess.gg/profile/KR/남부지소
비타민먹기싫어,124,126,0,0,https://lolchess.gg/profile/KR/비타민먹기싫어
따뜻한 만찐두빵,123,110,0,0,https://lolchess.gg/profile/KR/따뜻한 만찐두빵
Twitch 라드갓님,123,160,0,0,https://lolchess.gg/profile/KR/Twitch 라드갓님
호빵맨지환이,123,201,0,0,https://lolchess.gg/profile/KR/호빵맨지환이
경기도올,122,82,0,0,https://lolchess.gg/profile/KR/경기도올
이세사범,122,96,0,0,https://lolchess.gg/profile/KR/이세사범
광어콩,122,158,0,0,https://lolchess.gg/profile/KR/광어콩
안녕하세 연두,122,243,0,0,https://lolchess.gg/profile/KR/안녕하세 연두
짜 태,122,106,0,0,https://lolchess.gg/profile/KR/짜 태
꼬마 두억시니,122,126,0,0,https://lolchess.gg/profile/KR/꼬마 두억시니
김치현민,122,124,0,0,https://lolchess.gg/profile/KR/김치현민
루트10,121,57,0,0,https://lolchess.gg/profile/KR/루트10
탈론 대깨,120,139,0,0,https://lolchess.gg/profile/KR/탈론 대깨
Noxian Crow,120,161,0,0,https://lolchess.gg/profile/KR/Noxian Crow
꾸 당 앙,120,226,0,0,https://lolchess.gg/profile/KR/꾸 당 앙
Amiya Kugijjada,119,193,0,0,https://lolchess.gg/profile/KR/Amiya Kugijjada
나숑이,119,83,0,0,https://lolchess.gg/profile/KR/나숑이
내가오거마법사다,119,142,0,0,https://lolchess.gg/profile/KR/내가오거마법사다
띵 땡,119,203,0,0,https://lolchess.gg/profile/KR/띵 땡
592910,119,122,0,0,https://lolchess.gg/profile/KR/592910
vvvvvwwvwvwvw,118,167,0,0,https://lolchess.gg/profile/KR/vvvvvwwvwvwvw
빠파미떼,118,141,0,0,https://lolchess.gg/profile/KR/빠파미떼
흉포한 늑대,116,169,0,0,https://lolchess.gg/profile/KR/흉포한 늑대
장주현,116,249,0,0,https://lolchess.gg/profile/KR/장주현
이갓봉,116,104,0,0,https://lolchess.gg/profile/KR/이갓봉
준처님,115,89,0,0,https://lolchess.gg/profile/KR/준처님
모구모구 딸기맛,115,171,0,0,https://lolchess.gg/profile/KR/모구모구 딸기맛
저격마스터윤태훈,114,87,0,0,https://lolchess.gg/profile/KR/저격마스터윤태훈
아메리카노 쪼아,113,175,0,0,https://lolchess.gg/profile/KR/아메리카노 쪼아
LEE DONNA,113,157,0,0,https://lolchess.gg/profile/KR/LEE DONNA
김기현짱멋져,113,127,0,0,https://lolchess.gg/profile/KR/김기현짱멋져
널사Lo,112,168,0,0,https://lolchess.gg/profile/KR/널사Lo
주영호,111,212,0,0,https://lolchess.gg/profile/KR/주영호
팀 플레이어,111,228,0,0,https://lolchess.gg/profile/KR/팀 플레이어
isaac11,111,170,0,0,https://lolchess.gg/profile/KR/isaac11
Ccrespo,110,127,0,0,https://lolchess.gg/profile/KR/Ccrespo
저는 모릅니다,110,122,0,0,https://lolchess.gg/profile/KR/저는 모릅니다
아가돼지 남미,110,98,0,0,https://lolchess.gg/profile/KR/아가돼지 남미
ASAPASAPASAPASAP,109,100,0,0,https://lolchess.gg/profile/KR/ASAPASAPASAPASAP
오빠난채팅안해,109,228,0,0,https://lolchess.gg/profile/KR/오빠난채팅안해
cowall,109,103,0,0,https://lolchess.gg/profile/KR/cowall
쪼해피롱,108,174,0,0,https://lolchess.gg/profile/KR/쪼해피롱
Kanata Ch,108,97,0,0,https://lolchess.gg/profile/KR/Kanata Ch
uL 또리,108,88,0,0,https://lolchess.gg/profile/KR/uL 또리
다냥냥,107,185,0,0,https://lolchess.gg/profile/KR/다냥냥
3성 문다은,106,183,0,0,https://lolchess.gg/profile/KR/3성 문다은
사건의 특이점,105,179,0,0,https://lolchess.gg/profile/KR/사건의 특이점
놈 지 ,103,155,0,0,https://lolchess.gg/profile/KR/놈 지 
Rhane,103,133,0,0,https://lolchess.gg/profile/KR/Rhane
Choa2,102,221,0,0,https://lolchess.gg/profile/KR/Choa2
HooDBoY,102,93,0,0,https://lolchess.gg/profile/KR/HooDBoY
King경운s,102,177,0,0,https://lolchess.gg/profile/KR/King경운s
지로        지로,102,204,0,0,https://lolchess.gg/profile/KR/지로        지로
X윤석열X,101,131,0,0,https://lolchess.gg/profile/KR/X윤석열X
Oreoreoreoreoreo,101,171,0,0,https://lolchess.gg/profile/KR/Oreoreoreoreoreo
PopArt,100,88,0,0,https://lolchess.gg/profile/KR/PopArt
춘천감자맨,98,148,0,0,https://lolchess.gg/profile/KR/춘천감자맨
쨔우킹,98,80,0,0,https://lolchess.gg/profile/KR/쨔우킹
지구미 예나,98,154,0,0,https://lolchess.gg/profile/KR/지구미 예나
밥사랑,98,176,0,0,https://lolchess.gg/profile/KR/밥사랑
탑이지면탑차이야,98,118,0,0,https://lolchess.gg/profile/KR/탑이지면탑차이야
착한여자,97,160,0,0,https://lolchess.gg/profile/KR/착한여자
퓨얼스,96,159,0,0,https://lolchess.gg/profile/KR/퓨얼스
두렁두렁 두렁이,96,135,0,0,https://lolchess.gg/profile/KR/두렁두렁 두렁이
무지성 운영,95,166,0,0,https://lolchess.gg/profile/KR/무지성 운영
핑크다이아몬드,95,141,0,0,https://lolchess.gg/profile/KR/핑크다이아몬드
9호선흑석역,94,99,0,0,https://lolchess.gg/profile/KR/9호선흑석역
몹시공격적인사람,94,234,0,0,https://lolchess.gg/profile/KR/몹시공격적인사람
05모델지망생,94,161,0,0,https://lolchess.gg/profile/KR/05모델지망생
용원부계,94,87,0,0,https://lolchess.gg/profile/KR/용원부계
케 시,93,121,0,0,https://lolchess.gg/profile/KR/케 시
Chaos Buck,92,173,0,0,https://lolchess.gg/profile/KR/Chaos Buck
과 랑,91,236,0,0,https://lolchess.gg/profile/KR/과 랑
빵지크,91,155,0,0,https://lolchess.gg/profile/KR/빵지크
토마토맛집토론토,91,146,0,0,https://lolchess.gg/profile/KR/토마토맛집토론토
지이루우,91,185,0,0,https://lolchess.gg/profile/KR/지이루우
뚜 빠,91,224,0,0,https://lolchess.gg/profile/KR/뚜 빠
딩뎅동당,91,100,0,0,https://lolchess.gg/profile/KR/딩뎅동당
경 휘,90,334,0,0,https://lolchess.gg/profile/KR/경 휘
오소리팔,90,224,0,0,https://lolchess.gg/profile/KR/오소리팔
vlelrk123,90,196,0,0,https://lolchess.gg/profile/KR/vlelrk123
비누주워드려요,90,111,0,0,https://lolchess.gg/profile/KR/비누주워드려요
 쓰레쉬 좋아,89,94,0,0,https://lolchess.gg/profile/KR/ 쓰레쉬 좋아
가볍게올라간다,87,185,0,0,https://lolchess.gg/profile/KR/가볍게올라간다
정글안주면트롤,87,121,0,0,https://lolchess.gg/profile/KR/정글안주면트롤
찌눙씌,87,170,0,0,https://lolchess.gg/profile/KR/찌눙씌
블고수,87,170,0,0,https://lolchess.gg/profile/KR/블고수
소셜책,86,155,0,0,https://lolchess.gg/profile/KR/소셜책
시온하다,86,76,0,0,https://lolchess.gg/profile/KR/시온하다
재벌2세 얼굴천재,86,315,0,0,https://lolchess.gg/profile/KR/재벌2세 얼굴천재
유연한 accident,85,150,0,0,https://lolchess.gg/profile/KR/유연한 accident
오리뚜,85,186,0,0,https://lolchess.gg/profile/KR/오리뚜
Posible,84,236,0,0,https://lolchess.gg/profile/KR/Posible
암살자 무한의대검,84,50,0,0,https://lolchess.gg/profile/KR/암살자 무한의대검
New A New M,83,206,0,0,https://lolchess.gg/profile/KR/New A New M
계 패,83,152,0,0,https://lolchess.gg/profile/KR/계 패
KT   DY,83,105,0,0,https://lolchess.gg/profile/KR/KT   DY
백전로장,82,59,0,0,https://lolchess.gg/profile/KR/백전로장
NaruK,82,278,0,0,https://lolchess.gg/profile/KR/NaruK
uL 귤이,82,156,0,0,https://lolchess.gg/profile/KR/uL 귤이
드로우갓겜,80,143,0,0,https://lolchess.gg/profile/KR/드로우갓겜
YingXuanZZ,80,327,0,0,https://lolchess.gg/profile/KR/YingXuanZZ
시원한 바람처럼 너 불어와,80,203,0,0,https://lolchess.gg/profile/KR/시원한 바람처럼 너 불어와
깨멍 Youtube,79,149,0,0,https://lolchess.gg/profile/KR/깨멍 Youtube
kissphs,79,121,0,0,https://lolchess.gg/profile/KR/kissphs
짹짹이는 귀여워,79,85,0,0,https://lolchess.gg/profile/KR/짹짹이는 귀여워
하앙짜릿행,78,123,0,0,https://lolchess.gg/profile/KR/하앙짜릿행
에 폐,78,165,0,0,https://lolchess.gg/profile/KR/에 폐
해설왕봉달이,78,284,0,0,https://lolchess.gg/profile/KR/해설왕봉달이
잠원호랑이,77,187,0,0,https://lolchess.gg/profile/KR/잠원호랑이
헬스덱연구소,77,62,0,0,https://lolchess.gg/profile/KR/헬스덱연구소
DragonBa11,76,103,0,0,https://lolchess.gg/profile/KR/DragonBa11
도롱뇽랜드,75,124,0,0,https://lolchess.gg/profile/KR/도롱뇽랜드
KGE,75,79,0,0,https://lolchess.gg/profile/KR/KGE
성 난 앵즙,75,198,0,0,https://lolchess.gg/profile/KR/성 난 앵즙
임댕댕,75,78,0,0,https://lolchess.gg/profile/KR/임댕댕
bardias,75,147,0,0,https://lolchess.gg/profile/KR/bardias
암 얼웨이즈 허슬,75,190,0,0,https://lolchess.gg/profile/KR/암 얼웨이즈 허슬
euro,74,228,0,0,https://lolchess.gg/profile/KR/euro
양대님,72,181,0,0,https://lolchess.gg/profile/KR/양대님
원딜 OI즈리얼,72,179,0,0,https://lolchess.gg/profile/KR/원딜 OI즈리얼
밍키밍밍,72,206,0,0,https://lolchess.gg/profile/KR/밍키밍밍
Aashan,72,183,0,0,https://lolchess.gg/profile/KR/Aashan
졸나미,71,86,0,0,https://lolchess.gg/profile/KR/졸나미
너만 좋다면,71,151,0,0,https://lolchess.gg/profile/KR/너만 좋다면
구지금,70,215,0,0,https://lolchess.gg/profile/KR/구지금
모난돌,70,106,0,0,https://lolchess.gg/profile/KR/모난돌
오마이걸팬임,70,109,0,0,https://lolchess.gg/profile/KR/오마이걸팬임
협곡예절주입기,70,207,0,0,https://lolchess.gg/profile/KR/협곡예절주입기
록 찬,70,228,0,0,https://lolchess.gg/profile/KR/록 찬
나아이디뭐하지,70,134,0,0,https://lolchess.gg/profile/KR/나아이디뭐하지
영 태,69,124,0,0,https://lolchess.gg/profile/KR/영 태
출소 후,69,226,0,0,https://lolchess.gg/profile/KR/출소 후
Vietnam Mango,69,137,0,0,https://lolchess.gg/profile/KR/Vietnam Mango
원파링,69,280,0,0,https://lolchess.gg/profile/KR/원파링
Hz 빨딱서기,68,201,0,0,https://lolchess.gg/profile/KR/Hz 빨딱서기
먹다남긴단팥빵,67,235,0,0,https://lolchess.gg/profile/KR/먹다남긴단팥빵
두부로후두부,67,196,0,0,https://lolchess.gg/profile/KR/두부로후두부
Hz 은솔,67,119,0,0,https://lolchess.gg/profile/KR/Hz 은솔
조리퐁종이숟가락,67,319,0,0,https://lolchess.gg/profile/KR/조리퐁종이숟가락
이봉철2,67,99,0,0,https://lolchess.gg/profile/KR/이봉철2
돈보다 행복,67,155,0,0,https://lolchess.gg/profile/KR/돈보다 행복
강지비91,66,109,0,0,https://lolchess.gg/profile/KR/강지비91
긍정의힘을믿어요,66,127,0,0,https://lolchess.gg/profile/KR/긍정의힘을믿어요
Bete,66,153,0,0,https://lolchess.gg/profile/KR/Bete
TFT,65,129,0,0,https://lolchess.gg/profile/KR/TFT
hakyoung,64,109,0,0,https://lolchess.gg/profile/KR/hakyoung
으라차차 코르키 ,64,75,0,0,https://lolchess.gg/profile/KR/으라차차 코르키 
중환자실입니다,64,119,0,0,https://lolchess.gg/profile/KR/중환자실입니다
색맹트페이동희,64,131,0,0,https://lolchess.gg/profile/KR/색맹트페이동희
선처없음,64,189,0,0,https://lolchess.gg/profile/KR/선처없음
어쩔뽀삐 저쩔티모,63,166,0,0,https://lolchess.gg/profile/KR/어쩔뽀삐 저쩔티모
동네할매폐지찢기,62,160,0,0,https://lolchess.gg/profile/KR/동네할매폐지찢기
김민니 팬클럽,62,81,0,0,https://lolchess.gg/profile/KR/김민니 팬클럽
Huido,61,195,0,0,https://lolchess.gg/profile/KR/Huido
간절하면외쳐라,61,95,0,0,https://lolchess.gg/profile/KR/간절하면외쳐라
어나미머스,60,147,0,0,https://lolchess.gg/profile/KR/어나미머스
neverforg0t,60,81,0,0,https://lolchess.gg/profile/KR/neverforg0t
Acaron,60,55,0,0,https://lolchess.gg/profile/KR/Acaron
Metabolite,60,118,0,0,https://lolchess.gg/profile/KR/Metabolite
조몽쿤,60,107,0,0,https://lolchess.gg/profile/KR/조몽쿤
샹크승,59,85,0,0,https://lolchess.gg/profile/KR/샹크승
이쁜데 겜도 잘해,59,174,0,0,https://lolchess.gg/profile/KR/이쁜데 겜도 잘해
아르니카,59,175,0,0,https://lolchess.gg/profile/KR/아르니카
BaraKan,59,123,0,0,https://lolchess.gg/profile/KR/BaraKan
송창용,59,106,0,0,https://lolchess.gg/profile/KR/송창용
Luccl,59,170,0,0,https://lolchess.gg/profile/KR/Luccl
강릉    롤체,59,45,0,0,https://lolchess.gg/profile/KR/강릉    롤체
chessminist,59,130,0,0,https://lolchess.gg/profile/KR/chessminist
uL 코스모,58,67,0,0,https://lolchess.gg/profile/KR/uL 코스모
꼬마펭구리,58,278,0,0,https://lolchess.gg/profile/KR/꼬마펭구리
패트롤원툴vv,58,153,0,0,https://lolchess.gg/profile/KR/패트롤원툴vv
동 뾰,57,117,0,0,https://lolchess.gg/profile/KR/동 뾰
inefficient,57,100,0,0,https://lolchess.gg/profile/KR/inefficient
임태선,57,167,0,0,https://lolchess.gg/profile/KR/임태선
imaginn,56,202,0,0,https://lolchess.gg/profile/KR/imaginn
이이잉 마이구미,56,240,0,0,https://lolchess.gg/profile/KR/이이잉 마이구미
댜 구,56,124,0,0,https://lolchess.gg/profile/KR/댜 구
황금동정마담,56,289,0,0,https://lolchess.gg/profile/KR/황금동정마담
후망호,56,114,0,0,https://lolchess.gg/profile/KR/후망호
열심히일을하자,56,136,0,0,https://lolchess.gg/profile/KR/열심히일을하자
EsSen,56,146,0,0,https://lolchess.gg/profile/KR/EsSen
공3업스콜지,56,79,0,0,https://lolchess.gg/profile/KR/공3업스콜지
q OuO r,56,115,0,0,https://lolchess.gg/profile/KR/q OuO r
깜안림우진,56,128,0,0,https://lolchess.gg/profile/KR/깜안림우진
Fare,55,113,0,0,https://lolchess.gg/profile/KR/Fare
맹하이이,55,191,0,0,https://lolchess.gg/profile/KR/맹하이이
SolarHot,55,168,0,0,https://lolchess.gg/profile/KR/SolarHot
순방하게해줘,55,115,0,0,https://lolchess.gg/profile/KR/순방하게해줘
lolocoba,55,147,0,0,https://lolchess.gg/profile/KR/lolocoba
꼬마 간미,55,86,0,0,https://lolchess.gg/profile/KR/꼬마 간미
Karina aespa S2,55,94,0,0,https://lolchess.gg/profile/KR/Karina aespa S2
지뇨비,54,145,0,0,https://lolchess.gg/profile/KR/지뇨비
아재의불꽃컨트롤,54,105,0,0,https://lolchess.gg/profile/KR/아재의불꽃컨트롤
빈틈 fan,54,185,0,0,https://lolchess.gg/profile/KR/빈틈 fan
그거그거그거그거,54,73,0,0,https://lolchess.gg/profile/KR/그거그거그거그거
인디고뮤직,54,142,0,0,https://lolchess.gg/profile/KR/인디고뮤직
절대좌절하지않아,54,67,0,0,https://lolchess.gg/profile/KR/절대좌절하지않아
큐잡는데18분,53,67,0,0,https://lolchess.gg/profile/KR/큐잡는데18분
냄윤성,52,117,0,0,https://lolchess.gg/profile/KR/냄윤성
착해져라 내 마음,52,100,0,0,https://lolchess.gg/profile/KR/착해져라 내 마음
갱부기,52,184,0,0,https://lolchess.gg/profile/KR/갱부기
뚜두보고등웃음,52,193,0,0,https://lolchess.gg/profile/KR/뚜두보고등웃음
송부로,52,113,0,0,https://lolchess.gg/profile/KR/송부로
since88,52,97,0,0,https://lolchess.gg/profile/KR/since88
pRo4s,52,130,0,0,https://lolchess.gg/profile/KR/pRo4s
Jhin Tonic,52,77,0,0,https://lolchess.gg/profile/KR/Jhin Tonic
산천어홍보대사,52,72,0,0,https://lolchess.gg/profile/KR/산천어홍보대사
닭뷰랄,51,184,0,0,https://lolchess.gg/profile/KR/닭뷰랄
Sunder Flute,51,157,0,0,https://lolchess.gg/profile/KR/Sunder Flute
급식class,51,155,0,0,https://lolchess.gg/profile/KR/급식class
중특브레인,51,195,0,0,https://lolchess.gg/profile/KR/중특브레인
소리잔,50,187,0,0,https://lolchess.gg/profile/KR/소리잔
으 뇬,50,104,0,0,https://lolchess.gg/profile/KR/으 뇬
sry its ur fault,50,223,0,0,https://lolchess.gg/profile/KR/sry its ur fault
박박원원일일,50,124,0,0,https://lolchess.gg/profile/KR/박박원원일일
사자룡,50,143,0,0,https://lolchess.gg/profile/KR/사자룡
락득구,49,109,0,0,https://lolchess.gg/profile/KR/락득구
요슐램프찌니,49,158,0,0,https://lolchess.gg/profile/KR/요슐램프찌니
Blackdogzz,49,262,0,0,https://lolchess.gg/profile/KR/Blackdogzz
롤체용안나오니,49,135,0,0,https://lolchess.gg/profile/KR/롤체용안나오니
Jinsu Song,48,174,0,0,https://lolchess.gg/profile/KR/Jinsu Song
sinaeleeeee,48,142,0,0,https://lolchess.gg/profile/KR/sinaeleeeee
오토 퀸 출신,48,89,0,0,https://lolchess.gg/profile/KR/오토 퀸 출신
버스왕 혜지,48,243,0,0,https://lolchess.gg/profile/KR/버스왕 혜지
NeOx HeCa,48,110,0,0,https://lolchess.gg/profile/KR/NeOx HeCa
오늘은 이걸로 해,48,58,0,0,https://lolchess.gg/profile/KR/오늘은 이걸로 해
엉망진창 오띠띠,48,164,0,0,https://lolchess.gg/profile/KR/엉망진창 오띠띠
선미꺼,47,94,0,0,https://lolchess.gg/profile/KR/선미꺼
시돈이데쓰,47,149,0,0,https://lolchess.gg/profile/KR/시돈이데쓰
TFT NOVA,47,131,0,0,https://lolchess.gg/profile/KR/TFT NOVA
MintCola,46,114,0,0,https://lolchess.gg/profile/KR/MintCola
황순민,46,317,0,0,https://lolchess.gg/profile/KR/황순민
Theory of Lovity,46,118,0,0,https://lolchess.gg/profile/KR/Theory of Lovity
리미트시그마,46,194,0,0,https://lolchess.gg/profile/KR/리미트시그마
재구몬,46,178,0,0,https://lolchess.gg/profile/KR/재구몬
CooL503,45,91,0,0,https://lolchess.gg/profile/KR/CooL503
Faker 4세,45,114,0,0,https://lolchess.gg/profile/KR/Faker 4세
3성 동우,45,142,0,0,https://lolchess.gg/profile/KR/3성 동우
타이사,45,263,0,0,https://lolchess.gg/profile/KR/타이사
twobox,45,229,0,0,https://lolchess.gg/profile/KR/twobox
목없는시민,45,222,0,0,https://lolchess.gg/profile/KR/목없는시민
Hicheuu,44,46,0,0,https://lolchess.gg/profile/KR/Hicheuu
쟈 꼰,44,187,0,0,https://lolchess.gg/profile/KR/쟈 꼰
진짜로운없네,44,82,0,0,https://lolchess.gg/profile/KR/진짜로운없네
당없는사람,44,152,0,0,https://lolchess.gg/profile/KR/당없는사람
매판매판진지하게,44,131,0,0,https://lolchess.gg/profile/KR/매판매판진지하게
선제공격 제라스,44,91,0,0,https://lolchess.gg/profile/KR/선제공격 제라스
경기덕,44,139,0,0,https://lolchess.gg/profile/KR/경기덕
빡근수,44,160,0,0,https://lolchess.gg/profile/KR/빡근수
실진최,44,148,0,0,https://lolchess.gg/profile/KR/실진최
행차하라,44,158,0,0,https://lolchess.gg/profile/KR/행차하라
마진수르,43,129,0,0,https://lolchess.gg/profile/KR/마진수르
깻잎치킨,43,97,0,0,https://lolchess.gg/profile/KR/깻잎치킨
퐝동퐝동,43,92,0,0,https://lolchess.gg/profile/KR/퐝동퐝동
SOLO MY,42,137,0,0,https://lolchess.gg/profile/KR/SOLO MY
O P,42,153,0,0,https://lolchess.gg/profile/KR/O P
5사교계홍준표,42,238,0,0,https://lolchess.gg/profile/KR/5사교계홍준표
RRRRRRRRR2,42,142,0,0,https://lolchess.gg/profile/KR/RRRRRRRRR2
darimi0805,41,207,0,0,https://lolchess.gg/profile/KR/darimi0805
쥬 르,41,95,0,0,https://lolchess.gg/profile/KR/쥬 르
짠 나,41,198,0,0,https://lolchess.gg/profile/KR/짠 나
메타 실험,41,127,0,0,https://lolchess.gg/profile/KR/메타 실험
양학용계정33,41,239,0,0,https://lolchess.gg/profile/KR/양학용계정33
선봉이,41,54,0,0,https://lolchess.gg/profile/KR/선봉이
커피맛일상,41,78,0,0,https://lolchess.gg/profile/KR/커피맛일상
이교근,41,117,0,0,https://lolchess.gg/profile/KR/이교근
탄산빠진맥콜,41,83,0,0,https://lolchess.gg/profile/KR/탄산빠진맥콜
Sir Hoho,41,117,0,0,https://lolchess.gg/profile/KR/Sir Hoho
레이던지,40,114,0,0,https://lolchess.gg/profile/KR/레이던지
수양이몰래김,40,235,0,0,https://lolchess.gg/profile/KR/수양이몰래김
2p5FAKER,40,219,0,0,https://lolchess.gg/profile/KR/2p5FAKER
나에게도봄이오길,40,164,0,0,https://lolchess.gg/profile/KR/나에게도봄이오길
essen Y,40,155,0,0,https://lolchess.gg/profile/KR/essen Y
땡채연,40,133,0,0,https://lolchess.gg/profile/KR/땡채연
고마워애들아,40,72,0,0,https://lolchess.gg/profile/KR/고마워애들아
무지갯빛 뿔보,40,128,0,0,https://lolchess.gg/profile/KR/무지갯빛 뿔보
악한 녀석,40,111,0,0,https://lolchess.gg/profile/KR/악한 녀석
싸움꾼,40,121,0,0,https://lolchess.gg/profile/KR/싸움꾼
존잘큐티섹시청순미남사나이김근식,40,129,0,0,https://lolchess.gg/profile/KR/존잘큐티섹시청순미남사나이김근식
ZanDarC,39,152,0,0,https://lolchess.gg/profile/KR/ZanDarC
장봄준 fan,39,158,0,0,https://lolchess.gg/profile/KR/장봄준 fan
DavyJones,38,130,0,0,https://lolchess.gg/profile/KR/DavyJones
조성몇,38,177,0,0,https://lolchess.gg/profile/KR/조성몇
레콜이,38,149,0,0,https://lolchess.gg/profile/KR/레콜이
사나이 박진우,38,139,0,0,https://lolchess.gg/profile/KR/사나이 박진우
묵 강림,38,127,0,0,https://lolchess.gg/profile/KR/묵 강림
몇차선,37,119,0,0,https://lolchess.gg/profile/KR/몇차선
A H A 뀨,37,110,0,0,https://lolchess.gg/profile/KR/A H A 뀨
Twitch 아서O,37,177,0,0,https://lolchess.gg/profile/KR/Twitch 아서O
룬뭐찍나요,37,89,0,0,https://lolchess.gg/profile/KR/룬뭐찍나요
레이다 신호처리,37,97,0,0,https://lolchess.gg/profile/KR/레이다 신호처리
리븐tv,37,95,0,0,https://lolchess.gg/profile/KR/리븐tv
체스왕 첵스초코,36,78,0,0,https://lolchess.gg/profile/KR/체스왕 첵스초코
민간인 김형석,36,98,0,0,https://lolchess.gg/profile/KR/민간인 김형석
kosse,36,164,0,0,https://lolchess.gg/profile/KR/kosse
롤체학과,36,219,0,0,https://lolchess.gg/profile/KR/롤체학과
우기린이야,36,144,0,0,https://lolchess.gg/profile/KR/우기린이야
FlashL,36,160,0,0,https://lolchess.gg/profile/KR/FlashL
grilamid,36,104,0,0,https://lolchess.gg/profile/KR/grilamid
최병준,35,217,0,0,https://lolchess.gg/profile/KR/최병준
유리멘탈에약심장,35,116,0,0,https://lolchess.gg/profile/KR/유리멘탈에약심장
승진오빠,35,50,0,0,https://lolchess.gg/profile/KR/승진오빠
산책이,35,93,0,0,https://lolchess.gg/profile/KR/산책이
나의 일기장,35,196,0,0,https://lolchess.gg/profile/KR/나의 일기장
최송2,35,170,0,0,https://lolchess.gg/profile/KR/최송2
탁툭탁,35,150,0,0,https://lolchess.gg/profile/KR/탁툭탁
The 진감,35,162,0,0,https://lolchess.gg/profile/KR/The 진감
홀애비,34,138,0,0,https://lolchess.gg/profile/KR/홀애비
LCS DoubleLift,34,134,0,0,https://lolchess.gg/profile/KR/LCS DoubleLift
폐관수련하고올게,34,108,0,0,https://lolchess.gg/profile/KR/폐관수련하고올게
한방 노리는 사람,34,132,0,0,https://lolchess.gg/profile/KR/한방 노리는 사람
차트만들기,33,156,0,0,https://lolchess.gg/profile/KR/차트만들기
7혁신가 안철수,33,77,0,0,https://lolchess.gg/profile/KR/7혁신가 안철수
수희홍,33,263,0,0,https://lolchess.gg/profile/KR/수희홍
MAYSAQ,33,107,0,0,https://lolchess.gg/profile/KR/MAYSAQ
uL 돌곶이,33,136,0,0,https://lolchess.gg/profile/KR/uL 돌곶이
가자미,33,84,0,0,https://lolchess.gg/profile/KR/가자미
민초단 망고빌런,33,116,0,0,https://lolchess.gg/profile/KR/민초단 망고빌런
Curinga,33,100,0,0,https://lolchess.gg/profile/KR/Curinga
이거다읽으면바보,32,104,0,0,https://lolchess.gg/profile/KR/이거다읽으면바보
짱구원장두목님,32,121,0,0,https://lolchess.gg/profile/KR/짱구원장두목님
유로비타,32,78,0,0,https://lolchess.gg/profile/KR/유로비타
너와나의연결스킬,31,152,0,0,https://lolchess.gg/profile/KR/너와나의연결스킬
lolchessgg fan,31,78,0,0,https://lolchess.gg/profile/KR/lolchessgg fan
배현종,31,241,0,0,https://lolchess.gg/profile/KR/배현종
쁘띠세로로,31,72,0,0,https://lolchess.gg/profile/KR/쁘띠세로로
멀록은니엄마야,31,67,0,0,https://lolchess.gg/profile/KR/멀록은니엄마야
나좀못함,31,115,0,0,https://lolchess.gg/profile/KR/나좀못함
조쉬안서,31,138,0,0,https://lolchess.gg/profile/KR/조쉬안서
화려한 뒤집개,31,201,0,0,https://lolchess.gg/profile/KR/화려한 뒤집개
십 발,30,218,0,0,https://lolchess.gg/profile/KR/십 발
고양이랑강아지1,30,101,0,0,https://lolchess.gg/profile/KR/고양이랑강아지1
퐁당맨,30,194,0,0,https://lolchess.gg/profile/KR/퐁당맨
Twitch 스안,30,144,0,0,https://lolchess.gg/profile/KR/Twitch 스안
bunizuni,30,170,0,0,https://lolchess.gg/profile/KR/bunizuni
WAKEONE 유리,30,170,0,0,https://lolchess.gg/profile/KR/WAKEONE 유리
Twitch잔나비조아,30,229,0,0,https://lolchess.gg/profile/KR/Twitch잔나비조아
롤체고초수,30,166,0,0,https://lolchess.gg/profile/KR/롤체고초수
롤하다죽자일홍아,29,101,0,0,https://lolchess.gg/profile/KR/롤하다죽자일홍아
행정고등고시,29,92,0,0,https://lolchess.gg/profile/KR/행정고등고시
지용이강,29,146,0,0,https://lolchess.gg/profile/KR/지용이강
착하게살자착하게,29,128,0,0,https://lolchess.gg/profile/KR/착하게살자착하게
플래 수문장,29,155,0,0,https://lolchess.gg/profile/KR/플래 수문장
윤 박,28,149,0,0,https://lolchess.gg/profile/KR/윤 박
Simjoo,28,114,0,0,https://lolchess.gg/profile/KR/Simjoo
aka마얏,28,79,0,0,https://lolchess.gg/profile/KR/aka마얏
PLSDNA,28,188,0,0,https://lolchess.gg/profile/KR/PLSDNA
비에젖은여름풀,28,113,0,0,https://lolchess.gg/profile/KR/비에젖은여름풀
Phins,28,126,0,0,https://lolchess.gg/profile/KR/Phins
07JuJube,28,228,0,0,https://lolchess.gg/profile/KR/07JuJube
멤메이션,28,124,0,0,https://lolchess.gg/profile/KR/멤메이션
덕구급 카이팅,27,193,0,0,https://lolchess.gg/profile/KR/덕구급 카이팅
깨달았다이번시즌,27,209,0,0,https://lolchess.gg/profile/KR/깨달았다이번시즌
lilliiiilliiii,27,186,0,0,https://lolchess.gg/profile/KR/lilliiiilliiii
팟돌이,27,152,0,0,https://lolchess.gg/profile/KR/팟돌이
환준몬,27,185,0,0,https://lolchess.gg/profile/KR/환준몬
각자할거만하자,27,139,0,0,https://lolchess.gg/profile/KR/각자할거만하자
조공조공조공1,27,332,0,0,https://lolchess.gg/profile/KR/조공조공조공1
inla99,27,179,0,0,https://lolchess.gg/profile/KR/inla99
814503,27,150,0,0,https://lolchess.gg/profile/KR/814503
c47 3,27,217,0,0,https://lolchess.gg/profile/KR/c47 3
논산210906,26,81,0,0,https://lolchess.gg/profile/KR/논산210906
오늘도고생추,26,120,0,0,https://lolchess.gg/profile/KR/오늘도고생추
인천 미어캣,26,150,0,0,https://lolchess.gg/profile/KR/인천 미어캣
JewelryJeong,26,69,0,0,https://lolchess.gg/profile/KR/JewelryJeong
공략은 순디랑,26,197,0,0,https://lolchess.gg/profile/KR/공략은 순디랑
곧 9000일,26,178,0,0,https://lolchess.gg/profile/KR/곧 9000일
별주부전,26,114,0,0,https://lolchess.gg/profile/KR/별주부전
Onegilro,26,208,0,0,https://lolchess.gg/profile/KR/Onegilro
검은색신발,25,176,0,0,https://lolchess.gg/profile/KR/검은색신발
AgingCurveComing,25,132,0,0,https://lolchess.gg/profile/KR/AgingCurveComing
롤체평론가,25,125,0,0,https://lolchess.gg/profile/KR/롤체평론가
난 강아지없어힝,25,55,0,0,https://lolchess.gg/profile/KR/난 강아지없어힝
금빛 배불뚝이,24,107,0,0,https://lolchess.gg/profile/KR/금빛 배불뚝이
롤체 전문 한의사,24,70,0,0,https://lolchess.gg/profile/KR/롤체 전문 한의사
나비로,24,192,0,0,https://lolchess.gg/profile/KR/나비로
탑갱오소리,24,103,0,0,https://lolchess.gg/profile/KR/탑갱오소리
나 냥모 아니다,24,299,0,0,https://lolchess.gg/profile/KR/나 냥모 아니다
홍아이리,24,158,0,0,https://lolchess.gg/profile/KR/홍아이리
전방에 힘찬 함성 5초간 발사,23,108,0,0,https://lolchess.gg/profile/KR/전방에 힘찬 함성 5초간 발사
ArabicaG,23,265,0,0,https://lolchess.gg/profile/KR/ArabicaG
Yu Iseol,22,146,0,0,https://lolchess.gg/profile/KR/Yu Iseol
안 룽,22,194,0,0,https://lolchess.gg/profile/KR/안 룽
동구이,22,79,0,0,https://lolchess.gg/profile/KR/동구이
낭군같은남자,22,132,0,0,https://lolchess.gg/profile/KR/낭군같은남자
한겨울철새,22,115,0,0,https://lolchess.gg/profile/KR/한겨울철새
음원재,22,98,0,0,https://lolchess.gg/profile/KR/음원재
클레스메이트,22,97,0,0,https://lolchess.gg/profile/KR/클레스메이트
아직안잠,22,53,0,0,https://lolchess.gg/profile/KR/아직안잠
10분 뒤에 깨워줘,22,101,0,0,https://lolchess.gg/profile/KR/10분 뒤에 깨워줘
파라노이즈,22,77,0,0,https://lolchess.gg/profile/KR/파라노이즈
류은태,21,255,0,0,https://lolchess.gg/profile/KR/류은태
Tekapo Lake,21,179,0,0,https://lolchess.gg/profile/KR/Tekapo Lake
조씨전,21,306,0,0,https://lolchess.gg/profile/KR/조씨전
VN u97,21,100,0,0,https://lolchess.gg/profile/KR/VN u97
M0YA,21,104,0,0,https://lolchess.gg/profile/KR/M0YA
상남자김두식,21,146,0,0,https://lolchess.gg/profile/KR/상남자김두식
롤렉땜에트롤짓,21,88,0,0,https://lolchess.gg/profile/KR/롤렉땜에트롤짓
하 논,21,170,0,0,https://lolchess.gg/profile/KR/하 논
더러운운빨겜,20,85,0,0,https://lolchess.gg/profile/KR/더러운운빨겜
전트란10,20,74,0,0,https://lolchess.gg/profile/KR/전트란10
Kkame2,20,75,0,0,https://lolchess.gg/profile/KR/Kkame2
거제멸치쌈밥,20,127,0,0,https://lolchess.gg/profile/KR/거제멸치쌈밥
똥무무,20,123,0,0,https://lolchess.gg/profile/KR/똥무무
LP 나미,20,131,0,0,https://lolchess.gg/profile/KR/LP 나미
주는대로최선을,20,232,0,0,https://lolchess.gg/profile/KR/주는대로최선을
Xi Jinping pooh,20,113,0,0,https://lolchess.gg/profile/KR/Xi Jinping pooh
너는공대오지마라,20,133,0,0,https://lolchess.gg/profile/KR/너는공대오지마라
안죽고잘해볼게요,20,158,0,0,https://lolchess.gg/profile/KR/안죽고잘해볼게요
팔팔e,20,74,0,0,https://lolchess.gg/profile/KR/팔팔e
응애 나 아기종운,20,121,0,0,https://lolchess.gg/profile/KR/응애 나 아기종운
꿀썹꾸,19,116,0,0,https://lolchess.gg/profile/KR/꿀썹꾸
Sono,19,189,0,0,https://lolchess.gg/profile/KR/Sono
손무자비,19,49,0,0,https://lolchess.gg/profile/KR/손무자비
강력한탈주범,19,91,0,0,https://lolchess.gg/profile/KR/강력한탈주범
뭘꼬라보니아가야,19,97,0,0,https://lolchess.gg/profile/KR/뭘꼬라보니아가야
guri7,19,97,0,0,https://lolchess.gg/profile/KR/guri7
Devilman no Uta,19,264,0,0,https://lolchess.gg/profile/KR/Devilman no Uta
베르톨트,19,183,0,0,https://lolchess.gg/profile/KR/베르톨트
박기모씨,19,109,0,0,https://lolchess.gg/profile/KR/박기모씨
자다깬호랑이,19,88,0,0,https://lolchess.gg/profile/KR/자다깬호랑이
서폿유저사랑해요,19,121,0,0,https://lolchess.gg/profile/KR/서폿유저사랑해요
거제욘세,18,195,0,0,https://lolchess.gg/profile/KR/거제욘세
간발의순간,18,194,0,0,https://lolchess.gg/profile/KR/간발의순간
Hz 빈,18,119,0,0,https://lolchess.gg/profile/KR/Hz 빈
윤  센,18,86,0,0,https://lolchess.gg/profile/KR/윤  센
상돈파워,18,109,0,0,https://lolchess.gg/profile/KR/상돈파워
Black is my type,18,153,0,0,https://lolchess.gg/profile/KR/Black is my type
벨플라워,18,164,0,0,https://lolchess.gg/profile/KR/벨플라워
준승쌘쌔,18,135,0,0,https://lolchess.gg/profile/KR/준승쌘쌔
time779,18,292,0,0,https://lolchess.gg/profile/KR/time779
윤현국123,17,149,0,0,https://lolchess.gg/profile/KR/윤현국123
응 내가더귀여워,17,89,0,0,https://lolchess.gg/profile/KR/응 내가더귀여워
Aalc,17,107,0,0,https://lolchess.gg/profile/KR/Aalc
냉면짜장면짬뽕,17,147,0,0,https://lolchess.gg/profile/KR/냉면짜장면짬뽕
콩ab,17,268,0,0,https://lolchess.gg/profile/KR/콩ab
진짱나,17,157,0,0,https://lolchess.gg/profile/KR/진짱나
생명의가치,17,72,0,0,https://lolchess.gg/profile/KR/생명의가치
Veil,17,139,0,0,https://lolchess.gg/profile/KR/Veil
팀고혈빠는모기,17,188,0,0,https://lolchess.gg/profile/KR/팀고혈빠는모기
정글의 스탠스,16,95,0,0,https://lolchess.gg/profile/KR/정글의 스탠스
긍정적인토마토,16,189,0,0,https://lolchess.gg/profile/KR/긍정적인토마토
lIllIlIIIlIIlIl,16,94,0,0,https://lolchess.gg/profile/KR/lIllIlIIIlIIlIl
아아이고,16,112,0,0,https://lolchess.gg/profile/KR/아아이고
쌍블린,16,97,0,0,https://lolchess.gg/profile/KR/쌍블린
마음상한원딜,16,97,0,0,https://lolchess.gg/profile/KR/마음상한원딜
창성민fan,16,297,0,0,https://lolchess.gg/profile/KR/창성민fan
빈OI,16,51,0,0,https://lolchess.gg/profile/KR/빈OI
파란초콜릿,16,203,0,0,https://lolchess.gg/profile/KR/파란초콜릿
경희대파란토끼,16,65,0,0,https://lolchess.gg/profile/KR/경희대파란토끼
빻아뿐다,16,104,0,0,https://lolchess.gg/profile/KR/빻아뿐다
보고 싶은 사람,16,116,0,0,https://lolchess.gg/profile/KR/보고 싶은 사람
WarWalk,16,107,0,0,https://lolchess.gg/profile/KR/WarWalk
리앵진,16,201,0,0,https://lolchess.gg/profile/KR/리앵진
cex 탱탱,16,83,0,0,https://lolchess.gg/profile/KR/cex 탱탱
pipo22,15,148,0,0,https://lolchess.gg/profile/KR/pipo22
Silie,15,218,0,0,https://lolchess.gg/profile/KR/Silie
TwTF Choki,15,115,0,0,https://lolchess.gg/profile/KR/TwTF Choki
98년생신동훈,15,214,0,0,https://lolchess.gg/profile/KR/98년생신동훈
추억하나요,15,131,0,0,https://lolchess.gg/profile/KR/추억하나요
프짜아앙,15,247,0,0,https://lolchess.gg/profile/KR/프짜아앙
공략은 이원빈,15,189,0,0,https://lolchess.gg/profile/KR/공략은 이원빈
안 쮸 니,15,131,0,0,https://lolchess.gg/profile/KR/안 쮸 니
피지컬과솔로킬,14,184,0,0,https://lolchess.gg/profile/KR/피지컬과솔로킬
오늘학살하네,14,170,0,0,https://lolchess.gg/profile/KR/오늘학살하네
두부안마사,14,139,0,0,https://lolchess.gg/profile/KR/두부안마사
5줌G림,14,91,0,0,https://lolchess.gg/profile/KR/5줌G림
bki6438,14,196,0,0,https://lolchess.gg/profile/KR/bki6438
비모험,14,145,0,0,https://lolchess.gg/profile/KR/비모험
이삭의 축복,14,131,0,0,https://lolchess.gg/profile/KR/이삭의 축복
7Dot TFT,14,136,0,0,https://lolchess.gg/profile/KR/7Dot TFT
specialkid,13,104,0,0,https://lolchess.gg/profile/KR/specialkid
내가 희생할께,13,63,0,0,https://lolchess.gg/profile/KR/내가 희생할께
헌 창,13,194,0,0,https://lolchess.gg/profile/KR/헌 창
daying,13,193,0,0,https://lolchess.gg/profile/KR/daying
큐 달,13,137,0,0,https://lolchess.gg/profile/KR/큐 달
리롤을 잘 치는 즐라탄 쿤,13,79,0,0,https://lolchess.gg/profile/KR/리롤을 잘 치는 즐라탄 쿤
챤 현,13,169,0,0,https://lolchess.gg/profile/KR/챤 현
미스터초밥왕77,13,54,0,0,https://lolchess.gg/profile/KR/미스터초밥왕77
송하나는손하나,13,193,0,0,https://lolchess.gg/profile/KR/송하나는손하나
바바바바밤바,13,175,0,0,https://lolchess.gg/profile/KR/바바바바밤바
rhasusdl,13,233,0,0,https://lolchess.gg/profile/KR/rhasusdl
자도자도졸립다,13,205,0,0,https://lolchess.gg/profile/KR/자도자도졸립다
IV1,13,69,0,0,https://lolchess.gg/profile/KR/IV1
겸댕뽀짝,12,45,0,0,https://lolchess.gg/profile/KR/겸댕뽀짝
박보컬,12,154,0,0,https://lolchess.gg/profile/KR/박보컬
다굴유발자,12,236,0,0,https://lolchess.gg/profile/KR/다굴유발자
크로밥,12,298,0,0,https://lolchess.gg/profile/KR/크로밥
운빨겜최대수혜자,11,177,0,0,https://lolchess.gg/profile/KR/운빨겜최대수혜자
여 심,11,232,0,0,https://lolchess.gg/profile/KR/여 심
민트초코탕수육,11,97,0,0,https://lolchess.gg/profile/KR/민트초코탕수육
박환희희낙락,11,169,0,0,https://lolchess.gg/profile/KR/박환희희낙락
우정박,11,88,0,0,https://lolchess.gg/profile/KR/우정박
너말이야너1,11,85,0,0,https://lolchess.gg/profile/KR/너말이야너1
다냥냥바라기,11,97,0,0,https://lolchess.gg/profile/KR/다냥냥바라기
궈 뭬,11,204,0,0,https://lolchess.gg/profile/KR/궈 뭬
그런거안먹습니다,11,136,0,0,https://lolchess.gg/profile/KR/그런거안먹습니다
최재그,11,115,0,0,https://lolchess.gg/profile/KR/최재그
돌림힘,10,145,0,0,https://lolchess.gg/profile/KR/돌림힘
크루엘 떤,10,158,0,0,https://lolchess.gg/profile/KR/크루엘 떤
Acro 빼꼼,10,182,0,0,https://lolchess.gg/profile/KR/Acro 빼꼼
필멸자여,10,111,0,0,https://lolchess.gg/profile/KR/필멸자여
shuD i sty or go,10,121,0,0,https://lolchess.gg/profile/KR/shuD i sty or go
스스킹,10,138,0,0,https://lolchess.gg/profile/KR/스스킹
김쥐찌개,10,142,0,0,https://lolchess.gg/profile/KR/김쥐찌개
나보다못하면디져,10,176,0,0,https://lolchess.gg/profile/KR/나보다못하면디져
청초한호빵,10,242,0,0,https://lolchess.gg/profile/KR/청초한호빵
이른무,10,123,0,0,https://lolchess.gg/profile/KR/이른무
씰룩이,10,124,0,0,https://lolchess.gg/profile/KR/씰룩이
구구루,10,167,0,0,https://lolchess.gg/profile/KR/구구루
맞아본 적이없어,10,177,0,0,https://lolchess.gg/profile/KR/맞아본 적이없어
베르나르베르누이,10,121,0,0,https://lolchess.gg/profile/KR/베르나르베르누이
관 쵸,10,122,0,0,https://lolchess.gg/profile/KR/관 쵸
The Deft,10,176,0,0,https://lolchess.gg/profile/KR/The Deft
쪼해피룡,10,164,0,0,https://lolchess.gg/profile/KR/쪼해피룡
르꼬르뷔지어l,10,283,0,0,https://lolchess.gg/profile/KR/르꼬르뷔지어l
림지완,10,93,0,0,https://lolchess.gg/profile/KR/림지완
용족충,10,90,0,0,https://lolchess.gg/profile/KR/용족충
QAWSEDRFTGYH,10,151,0,0,https://lolchess.gg/profile/KR/QAWSEDRFTGYH
컁 캉,10,235,0,0,https://lolchess.gg/profile/KR/컁 캉
예지야 제발,10,213,0,0,https://lolchess.gg/profile/KR/예지야 제발
신뢰지만 번호좀,10,99,0,0,https://lolchess.gg/profile/KR/신뢰지만 번호좀
이죄나의손을잡아,10,114,0,0,https://lolchess.gg/profile/KR/이죄나의손을잡아
성록썬더,10,64,0,0,https://lolchess.gg/profile/KR/성록썬더
한승현남친이현민,9,216,0,0,https://lolchess.gg/profile/KR/한승현남친이현민
왈왈으르르컹,9,96,0,0,https://lolchess.gg/profile/KR/왈왈으르르컹
당당한 날다람쥐,9,155,0,0,https://lolchess.gg/profile/KR/당당한 날다람쥐
차암얄밉다그죠잉,9,93,0,0,https://lolchess.gg/profile/KR/차암얄밉다그죠잉
dog18nom,9,88,0,0,https://lolchess.gg/profile/KR/dog18nom
호 멘,9,117,0,0,https://lolchess.gg/profile/KR/호 멘
Panac2a,9,87,0,0,https://lolchess.gg/profile/KR/Panac2a
Dalia,9,138,0,0,https://lolchess.gg/profile/KR/Dalia
선자님,9,73,0,0,https://lolchess.gg/profile/KR/선자님
서폿벌레면누누픽,9,88,0,0,https://lolchess.gg/profile/KR/서폿벌레면누누픽
개 쀼웅,9,133,0,0,https://lolchess.gg/profile/KR/개 쀼웅
아유하,9,123,0,0,https://lolchess.gg/profile/KR/아유하
mct6723,9,150,0,0,https://lolchess.gg/profile/KR/mct6723
집사야 나 츄르줘,9,183,0,0,https://lolchess.gg/profile/KR/집사야 나 츄르줘
나피안,9,79,0,0,https://lolchess.gg/profile/KR/나피안
melongjyp,9,266,0,0,https://lolchess.gg/profile/KR/melongjyp
잊어버린삶,8,121,0,0,https://lolchess.gg/profile/KR/잊어버린삶
바나나모카,8,184,0,0,https://lolchess.gg/profile/KR/바나나모카
TwTF 알맹승지,8,150,0,0,https://lolchess.gg/profile/KR/TwTF 알맹승지
나넘잘해반할지도,8,105,0,0,https://lolchess.gg/profile/KR/나넘잘해반할지도
대대장,8,93,0,0,https://lolchess.gg/profile/KR/대대장
재수는독학이진리,8,181,0,0,https://lolchess.gg/profile/KR/재수는독학이진리
쿨쿠루쿨쿨,8,123,0,0,https://lolchess.gg/profile/KR/쿨쿠루쿨쿨
Acro 멍바,8,59,0,0,https://lolchess.gg/profile/KR/Acro 멍바
유급하기싫은사람,7,146,0,0,https://lolchess.gg/profile/KR/유급하기싫은사람
아이캔씨애니띵,7,161,0,0,https://lolchess.gg/profile/KR/아이캔씨애니띵
원딜만 칼픽,7,89,0,0,https://lolchess.gg/profile/KR/원딜만 칼픽
TwTF 인천피스트,7,35,0,0,https://lolchess.gg/profile/KR/TwTF 인천피스트
호계동 물망치,7,74,0,0,https://lolchess.gg/profile/KR/호계동 물망치
롤체천재상니니,7,160,0,0,https://lolchess.gg/profile/KR/롤체천재상니니
칼발러,7,102,0,0,https://lolchess.gg/profile/KR/칼발러
방달수,7,148,0,0,https://lolchess.gg/profile/KR/방달수
오지마요제발,7,229,0,0,https://lolchess.gg/profile/KR/오지마요제발
수채철,7,159,0,0,https://lolchess.gg/profile/KR/수채철
 Ki Yong,7,121,0,0,https://lolchess.gg/profile/KR/ Ki Yong
MNst 변테,6,264,0,0,https://lolchess.gg/profile/KR/MNst 변테
부처사랑교회,6,87,0,0,https://lolchess.gg/profile/KR/부처사랑교회
ROOT SuperNova,6,209,0,0,https://lolchess.gg/profile/KR/ROOT SuperNova
하와왕,6,60,0,0,https://lolchess.gg/profile/KR/하와왕
연진갓TALENT,6,150,0,0,https://lolchess.gg/profile/KR/연진갓TALENT
든든하다 김갈통,6,128,0,0,https://lolchess.gg/profile/KR/든든하다 김갈통
개인랭버스기사,6,141,0,0,https://lolchess.gg/profile/KR/개인랭버스기사
한국은처음이지,5,101,0,0,https://lolchess.gg/profile/KR/한국은처음이지
롤체칼바람만하자,5,120,0,0,https://lolchess.gg/profile/KR/롤체칼바람만하자
힌 칙,5,292,0,0,https://lolchess.gg/profile/KR/힌 칙
달그리메,5,75,0,0,https://lolchess.gg/profile/KR/달그리메
저체중,5,134,0,0,https://lolchess.gg/profile/KR/저체중
AFTV 테토,5,181,0,0,https://lolchess.gg/profile/KR/AFTV 테토
똥고양이 둔둔이,5,127,0,0,https://lolchess.gg/profile/KR/똥고양이 둔둔이
여태태,5,66,0,0,https://lolchess.gg/profile/KR/여태태
포악스런Fox년,5,131,0,0,https://lolchess.gg/profile/KR/포악스런Fox년
kacal,5,98,0,0,https://lolchess.gg/profile/KR/kacal
대가리 꼐진 자,5,82,0,0,https://lolchess.gg/profile/KR/대가리 꼐진 자
Twitch 그마의왕,5,112,0,0,https://lolchess.gg/profile/KR/Twitch 그마의왕
KR HAN LYANG ,4,60,0,0,https://lolchess.gg/profile/KR/KR HAN LYANG 
대깨정진,4,114,0,0,https://lolchess.gg/profile/KR/대깨정진
아름다운스타트,4,103,0,0,https://lolchess.gg/profile/KR/아름다운스타트
L22,4,256,0,0,https://lolchess.gg/profile/KR/L22
IIIlIlIIIIlIIlII,4,130,0,0,https://lolchess.gg/profile/KR/IIIlIlIIIIlIIlII
리스망,4,135,0,0,https://lolchess.gg/profile/KR/리스망
BULLS 23,4,112,0,0,https://lolchess.gg/profile/KR/BULLS 23
말 링,4,196,0,0,https://lolchess.gg/profile/KR/말 링
꼬마지휘자,4,224,0,0,https://lolchess.gg/profile/KR/꼬마지휘자
허 겡,4,72,0,0,https://lolchess.gg/profile/KR/허 겡
SPOON Zeri,4,245,0,0,https://lolchess.gg/profile/KR/SPOON Zeri
롤체왕엽동,4,142,0,0,https://lolchess.gg/profile/KR/롤체왕엽동
서폿장인노짱,4,114,0,0,https://lolchess.gg/profile/KR/서폿장인노짱
Naid,3,136,0,0,https://lolchess.gg/profile/KR/Naid
오늘도빛나는너에,3,125,0,0,https://lolchess.gg/profile/KR/오늘도빛나는너에
Javan,3,86,0,0,https://lolchess.gg/profile/KR/Javan
TFT JayPark,3,124,0,0,https://lolchess.gg/profile/KR/TFT JayPark
alleyday,3,66,0,0,https://lolchess.gg/profile/KR/alleyday
두렁이2,3,107,0,0,https://lolchess.gg/profile/KR/두렁이2
균 보,3,211,0,0,https://lolchess.gg/profile/KR/균 보
76년생조부길,3,84,0,0,https://lolchess.gg/profile/KR/76년생조부길
불타오르네넨,2,88,0,0,https://lolchess.gg/profile/KR/불타오르네넨
NeZim,2,176,0,0,https://lolchess.gg/profile/KR/NeZim
11월에서5월은미세먼지주의기간,2,90,0,0,https://lolchess.gg/profile/KR/11월에서5월은미세먼지주의기간
빈틈보고배움,2,91,0,0,https://lolchess.gg/profile/KR/빈틈보고배움
쐐기검,2,125,0,0,https://lolchess.gg/profile/KR/쐐기검
쉽 죠,2,74,0,0,https://lolchess.gg/profile/KR/쉽 죠
엔프렌드,2,227,0,0,https://lolchess.gg/profile/KR/엔프렌드
Lolchess 웅,2,146,0,0,https://lolchess.gg/profile/KR/Lolchess 웅
근육남박찬영,2,110,0,0,https://lolchess.gg/profile/KR/근육남박찬영
호앵다,2,101,0,0,https://lolchess.gg/profile/KR/호앵다
혀니전용도구,2,170,0,0,https://lolchess.gg/profile/KR/혀니전용도구
리롤하고순방만함,2,80,0,0,https://lolchess.gg/profile/KR/리롤하고순방만함
버러지 큿,2,65,0,0,https://lolchess.gg/profile/KR/버러지 큿
잠시들렷어,2,136,0,0,https://lolchess.gg/profile/KR/잠시들렷어
Teufelhaft,1,123,0,0,https://lolchess.gg/profile/KR/Teufelhaft
승리의 징징이,1,127,0,0,https://lolchess.gg/profile/KR/승리의 징징이
수줍은 아이,1,169,0,0,https://lolchess.gg/profile/KR/수줍은 아이
림 죠,1,238,0,0,https://lolchess.gg/profile/KR/림 죠
폭대불,1,122,0,0,https://lolchess.gg/profile/KR/폭대불
위스키,1,99,0,0,https://lolchess.gg/profile/KR/위스키
잔 우,1,100,0,0,https://lolchess.gg/profile/KR/잔 우
전투도마뱀,1,161,0,0,https://lolchess.gg/profile/KR/전투도마뱀
경시생 주노,1,48,0,0,https://lolchess.gg/profile/KR/경시생 주노
E정택,1,83,0,0,https://lolchess.gg/profile/KR/E정택
bumzino,1,79,0,0,https://lolchess.gg/profile/KR/bumzino
사족보행마스터,1,116,0,0,https://lolchess.gg/profile/KR/사족보행마스터
낚시도구,0,77,0,0,https://lolchess.gg/profile/KR/낚시도구
롤체세계에서3000만년간썩은물,0,110,0,0,https://lolchess.gg/profile/KR/롤체세계에서3000만년간썩은물
Yummy,0,176,0,0,https://lolchess.gg/profile/KR/Yummy
천뢰강,0,165,0,0,https://lolchess.gg/profile/KR/천뢰강
공부하라고말해,0,277,0,0,https://lolchess.gg/profile/KR/공부하라고말해
IIIlIlIllll,0,312,0,0,https://lolchess.gg/profile/KR/IIIlIlIllll
랏밥 리롤대장,0,109,0,0,https://lolchess.gg/profile/KR/랏밥 리롤대장
맵리딩못해여,0,80,0,0,https://lolchess.gg/profile/KR/맵리딩못해여
지상최강마스터이,0,150,0,0,https://lolchess.gg/profile/KR/지상최강마스터이
아직나는부족하다,0,186,0,0,https://lolchess.gg/profile/KR/아직나는부족하다
다르빗슈우,0,114,0,0,https://lolchess.gg/profile/KR/다르빗슈우
정호덕,0,112,0,0,https://lolchess.gg/profile/KR/정호덕
잊재민,0,122,0,0,https://lolchess.gg/profile/KR/잊재민
개노개먹기,0,116,0,0,https://lolchess.gg/profile/KR/개노개먹기
돌아온린가드,0,113,0,0,https://lolchess.gg/profile/KR/돌아온린가드
SQR,0,300,0,0,https://lolchess.gg/profile/KR/SQR
yonekayn,0,160,0,0,https://lolchess.gg/profile/KR/yonekayn
이런느낌처음이지,0,123,0,0,https://lolchess.gg/profile/KR/이런느낌처음이지
엔진차,0,190,0,0,https://lolchess.gg/profile/KR/엔진차
슬공슬,0,203,0,0,https://lolchess.gg/profile/KR/슬공슬
도파한테트페배움,0,157,0,0,https://lolchess.gg/profile/KR/도파한테트페배움
미나2,0,70,0,0,https://lolchess.gg/profile/KR/미나2
m9st6r,0,152,0,0,https://lolchess.gg/profile/KR/m9st6r
킹카워시,0,92,0,0,https://lolchess.gg/profile/KR/킹카워시
Ol석민,0,164,0,0,https://lolchess.gg/profile/KR/Ol석민
현직이에요,0,144,0,0,https://lolchess.gg/profile/KR/현직이에요
조치원 맛복숭아,0,109,0,0,https://lolchess.gg/profile/KR/조치원 맛복숭아
아이스키키,0,162,0,0,https://lolchess.gg/profile/KR/아이스키키
딜교 성공적,0,139,0,0,https://lolchess.gg/profile/KR/딜교 성공적
이고립,0,125,0,0,https://lolchess.gg/profile/KR/이고립
에케 YouTube,0,114,0,0,https://lolchess.gg/profile/KR/에케 YouTube
사이조은,0,113,0,0,https://lolchess.gg/profile/KR/사이조은
똥도살살싸자,0,185,0,0,https://lolchess.gg/profile/KR/똥도살살싸자
뚜라임,0,244,0,0,https://lolchess.gg/profile/KR/뚜라임
돕지 않는 사람,0,201,0,0,https://lolchess.gg/profile/KR/돕지 않는 사람
장 래,0,194,0,0,https://lolchess.gg/profile/KR/장 래
변곡점못구한우진,0,108,0,0,https://lolchess.gg/profile/KR/변곡점못구한우진
스틸로1,0,253,0,0,https://lolchess.gg/profile/KR/스틸로1
비제이수노,0,198,0,0,https://lolchess.gg/profile/KR/비제이수노
살짝졸린사람,0,115,0,0,https://lolchess.gg/profile/KR/살짝졸린사람
02Mania,0,142,0,0,https://lolchess.gg/profile/KR/02Mania
단란한가족,0,217,0,0,https://lolchess.gg/profile/KR/단란한가족
bewitch,0,171,0,0,https://lolchess.gg/profile/KR/bewitch
히흐히흐히흐,0,148,0,0,https://lolchess.gg/profile/KR/히흐히흐히흐
뽀로로핑크퐁카봇,0,231,0,0,https://lolchess.gg/profile/KR/뽀로로핑크퐁카봇
위치롤,0,182,0,0,https://lolchess.gg/profile/KR/위치롤
김씨택,0,309,0,0,https://lolchess.gg/profile/KR/김씨택
TAEGIEE,0,103,0,0,https://lolchess.gg/profile/KR/TAEGIEE
설세련,0,147,0,0,https://lolchess.gg/profile/KR/설세련
불안정한,0,176,0,0,https://lolchess.gg/profile/KR/불안정한
퀸나르,0,181,0,0,https://lolchess.gg/profile/KR/퀸나르
창전동호랑이,0,124,0,0,https://lolchess.gg/profile/KR/창전동호랑이
TOP 우동,0,128,0,0,https://lolchess.gg/profile/KR/TOP 우동
건 똥,0,136,0,0,https://lolchess.gg/profile/KR/건 똥
아리벤되면닷지,0,222,0,0,https://lolchess.gg/profile/KR/아리벤되면닷지
배불뚝이커여워,0,246,0,0,https://lolchess.gg/profile/KR/배불뚝이커여워
별구름태양,0,267,0,0,https://lolchess.gg/profile/KR/별구름태양
ego강한 탑,0,148,0,0,https://lolchess.gg/profile/KR/ego강한 탑
 0    GAMES,0,145,0,0,https://lolchess.gg/profile/KR/ 0    GAMES
사슴장인 김노루,0,77,0,0,https://lolchess.gg/profile/KR/사슴장인 김노루
현직진,0,112,0,0,https://lolchess.gg/profile/KR/현직진
3성 라라박사,0,169,0,0,https://lolchess.gg/profile/KR/3성 라라박사
갓블레스유브로,0,231,0,0,https://lolchess.gg/profile/KR/갓블레스유브로
루키7,0,194,0,0,https://lolchess.gg/profile/KR/루키7
오린아,0,150,0,0,https://lolchess.gg/profile/KR/오린아
티모를 판다,0,200,0,0,https://lolchess.gg/profile/KR/티모를 판다
아이보리과자,0,98,0,0,https://lolchess.gg/profile/KR/아이보리과자
Solplank,0,190,0,0,https://lolchess.gg/profile/KR/Solplank
판데온,0,130,0,0,https://lolchess.gg/profile/KR/판데온
절대포기금지,0,94,0,0,https://lolchess.gg/profile/KR/절대포기금지
비켜 올라가는중,0,258,0,0,https://lolchess.gg/profile/KR/비켜 올라가는중
실망몬,0,228,0,0,https://lolchess.gg/profile/KR/실망몬
대깨킹켄치,0,165,0,0,https://lolchess.gg/profile/KR/대깨킹켄치
동하구우,0,102,0,0,https://lolchess.gg/profile/KR/동하구우
이당흥,0,139,0,0,https://lolchess.gg/profile/KR/이당흥
선린인터넷고,0,186,0,0,https://lolchess.gg/profile/KR/선린인터넷고
팬티벗고외쳐,0,223,0,0,https://lolchess.gg/profile/KR/팬티벗고외쳐
람모한초밥,0,113,0,0,https://lolchess.gg/profile/KR/람모한초밥
AFTV 문성규,0,128,0,0,https://lolchess.gg/profile/KR/AFTV 문성규
아 내 낭만아,0,91,0,0,https://lolchess.gg/profile/KR/아 내 낭만아
니개미,0,130,0,0,https://lolchess.gg/profile/KR/니개미
포 뇻,0,75,0,0,https://lolchess.gg/profile/KR/포 뇻
강력한 스킬,0,105,0,0,https://lolchess.gg/profile/KR/강력한 스킬
정육면체커비,0,181,0,0,https://lolchess.gg/profile/KR/정육면체커비
돌아온 퇴물김,0,217,0,0,https://lolchess.gg/profile/KR/돌아온 퇴물김
Skald,0,200,0,0,https://lolchess.gg/profile/KR/Skald
눈 딘,0,115,0,0,https://lolchess.gg/profile/KR/눈 딘
또또또또또이,0,198,0,0,https://lolchess.gg/profile/KR/또또또또또이
생존생존생존,0,140,0,0,https://lolchess.gg/profile/KR/생존생존생존
팔랑이무침,0,314,0,0,https://lolchess.gg/profile/KR/팔랑이무침
짜식군,0,174,0,0,https://lolchess.gg/profile/KR/짜식군
HELL나이트메어,0,157,0,0,https://lolchess.gg/profile/KR/HELL나이트메어
범죄군주 펭수,0,99,0,0,https://lolchess.gg/profile/KR/범죄군주 펭수
털노스,0,223,0,0,https://lolchess.gg/profile/KR/털노스
꽃이 피면,0,150,0,0,https://lolchess.gg/profile/KR/꽃이 피면
Aed Lua,0,143,0,0,https://lolchess.gg/profile/KR/Aed Lua
showboxx,0,75,0,0,https://lolchess.gg/profile/KR/showboxx
Sadjy,0,146,0,0,https://lolchess.gg/profile/KR/Sadjy
삐진탑,0,188,0,0,https://lolchess.gg/profile/KR/삐진탑
Terror KR,0,168,0,0,https://lolchess.gg/profile/KR/Terror KR
망한라인차단안감,0,87,0,0,https://lolchess.gg/profile/KR/망한라인차단안감
롤토체스반면교사,0,70,0,0,https://lolchess.gg/profile/KR/롤토체스반면교사
종로최강김두하이,0,129,0,0,https://lolchess.gg/profile/KR/종로최강김두하이
나그거한입만주라,0,119,0,0,https://lolchess.gg/profile/KR/나그거한입만주라
엉망진창 건또도,0,228,0,0,https://lolchess.gg/profile/KR/엉망진창 건또도
후랑당재혁,0,167,0,0,https://lolchess.gg/profile/KR/후랑당재혁
JD Salinger,0,118,0,0,https://lolchess.gg/profile/KR/JD Salinger
쵸코맛소나무,0,91,0,0,https://lolchess.gg/profile/KR/쵸코맛소나무
꾸덕님,0,108,0,0,https://lolchess.gg/profile/KR/꾸덕님
뚠뚠펭귄,0,76,0,0,https://lolchess.gg/profile/KR/뚠뚠펭귄
사랑스러운 윈터,0,108,0,0,https://lolchess.gg/profile/KR/사랑스러운 윈터
치릴구,0,242,0,0,https://lolchess.gg/profile/KR/치릴구
차므치,0,107,0,0,https://lolchess.gg/profile/KR/차므치
Evenfall,0,187,0,0,https://lolchess.gg/profile/KR/Evenfall
DRX 윤성훈,0,198,0,0,https://lolchess.gg/profile/KR/DRX 윤성훈
뚝배기밥도둑,0,89,0,0,https://lolchess.gg/profile/KR/뚝배기밥도둑
oddhw,0,137,0,0,https://lolchess.gg/profile/KR/oddhw
횡지우,0,180,0,0,https://lolchess.gg/profile/KR/횡지우
뀨장군,0,224,0,0,https://lolchess.gg/profile/KR/뀨장군
듀오해주세요,0,198,0,0,https://lolchess.gg/profile/KR/듀오해주세요
이번시즌챌린저못찍으면자살할사람,0,91,0,0,https://lolchess.gg/profile/KR/이번시즌챌린저못찍으면자살할사람
tft is fun,0,111,0,0,https://lolchess.gg/profile/KR/tft is fun
공략은 프린스,0,88,0,0,https://lolchess.gg/profile/KR/공략은 프린스
팔자친구,0,76,0,0,https://lolchess.gg/profile/KR/팔자친구
BF만먹는당,0,212,0,0,https://lolchess.gg/profile/KR/BF만먹는당
김 활 ,0,225,0,0,https://lolchess.gg/profile/KR/김 활 
수학30번,0,76,0,0,https://lolchess.gg/profile/KR/수학30번
어디요,0,135,0,0,https://lolchess.gg/profile/KR/어디요
대 치1,0,238,0,0,https://lolchess.gg/profile/KR/대 치1
곰보빵너무역겨워,0,163,0,0,https://lolchess.gg/profile/KR/곰보빵너무역겨워
pnpnn,0,92,0,0,https://lolchess.gg/profile/KR/pnpnn
I AM WHO,0,161,0,0,https://lolchess.gg/profile/KR/I AM WHO
가 천,0,95,0,0,https://lolchess.gg/profile/KR/가 천
빈생각했오,0,102,0,0,https://lolchess.gg/profile/KR/빈생각했오
조만옥,0,153,0,0,https://lolchess.gg/profile/KR/조만옥
김규현입니다,0,170,0,0,https://lolchess.gg/profile/KR/김규현입니다
참을성 없는 맹견,0,174,0,0,https://lolchess.gg/profile/KR/참을성 없는 맹견
맑은날젊은이,0,219,0,0,https://lolchess.gg/profile/KR/맑은날젊은이
Dipion,0,149,0,0,https://lolchess.gg/profile/KR/Dipion
남은음식,0,222,0,0,https://lolchess.gg/profile/KR/남은음식
초밥짱,0,269,0,0,https://lolchess.gg/profile/KR/초밥짱
대가리깨진난동꾼,0,181,0,0,https://lolchess.gg/profile/KR/대가리깨진난동꾼
머하지영,0,124,0,0,https://lolchess.gg/profile/KR/머하지영
인지도,0,279,0,0,https://lolchess.gg/profile/KR/인지도
즐겜하는전다이아,0,81,0,0,https://lolchess.gg/profile/KR/즐겜하는전다이아
동화 속 주인공,0,102,0,0,https://lolchess.gg/profile/KR/동화 속 주인공
전웃지,0,56,0,0,https://lolchess.gg/profile/KR/전웃지
체스는 질병이다,0,125,0,0,https://lolchess.gg/profile/KR/체스는 질병이다
레드는 내거,0,143,0,0,https://lolchess.gg/profile/KR/레드는 내거
이성상실본능순실,0,115,0,0,https://lolchess.gg/profile/KR/이성상실본능순실
문학작품,0,313,0,0,https://lolchess.gg/profile/KR/문학작품
dse,0,119,0,0,https://lolchess.gg/profile/KR/dse
최killing,0,123,0,0,https://lolchess.gg/profile/KR/최killing
Acro DrucKer,0,83,0,0,https://lolchess.gg/profile/KR/Acro DrucKer
이거버그야버그,0,98,0,0,https://lolchess.gg/profile/KR/이거버그야버그
얌 탑,0,176,0,0,https://lolchess.gg/profile/KR/얌 탑
정열의레드,0,176,0,0,https://lolchess.gg/profile/KR/정열의레드
안토닉,0,267,0,0,https://lolchess.gg/profile/KR/안토닉
원딜아니면서폿감,0,162,0,0,https://lolchess.gg/profile/KR/원딜아니면서폿감
시근이쳐,0,222,0,0,https://lolchess.gg/profile/KR/시근이쳐
골카짝골카짝,0,142,0,0,https://lolchess.gg/profile/KR/골카짝골카짝
악마의재능박대한,0,177,0,0,https://lolchess.gg/profile/KR/악마의재능박대한
lazencasaveus1,0,129,0,0,https://lolchess.gg/profile/KR/lazencasaveus1
서 쿤,0,131,0,0,https://lolchess.gg/profile/KR/서 쿤
리리씨,0,183,0,0,https://lolchess.gg/profile/KR/리리씨
난고양이가될거야,0,104,0,0,https://lolchess.gg/profile/KR/난고양이가될거야
킹성원,0,303,0,0,https://lolchess.gg/profile/KR/킹성원
별을 담은 너,0,152,0,0,https://lolchess.gg/profile/KR/별을 담은 너
Checkk,0,123,0,0,https://lolchess.gg/profile/KR/Checkk
간암열차,0,107,0,0,https://lolchess.gg/profile/KR/간암열차
난 언제까지나,0,170,0,0,https://lolchess.gg/profile/KR/난 언제까지나
10억 모으고 결혼,0,210,0,0,https://lolchess.gg/profile/KR/10억 모으고 결혼
2020GENIE,0,146,0,0,https://lolchess.gg/profile/KR/2020GENIE
그대와 나 체리,0,176,0,0,https://lolchess.gg/profile/KR/그대와 나 체리
로터스무기제발좀,0,118,0,0,https://lolchess.gg/profile/KR/로터스무기제발좀
하루봄밤,0,225,0,0,https://lolchess.gg/profile/KR/하루봄밤
대림동산낙지,0,137,0,0,https://lolchess.gg/profile/KR/대림동산낙지
녹턴발사,0,255,0,0,https://lolchess.gg/profile/KR/녹턴발사
잉너무다로,0,128,0,0,https://lolchess.gg/profile/KR/잉너무다로
두부를 다쳐버린 노무현,0,118,0,0,https://lolchess.gg/profile/KR/두부를 다쳐버린 노무현
최 석,0,112,0,0,https://lolchess.gg/profile/KR/최 석
건두부볶음,0,152,0,0,https://lolchess.gg/profile/KR/건두부볶음
Random Work,0,239,0,0,https://lolchess.gg/profile/KR/Random Work
똥마렷,0,131,0,0,https://lolchess.gg/profile/KR/똥마렷
카오베,0,124,0,0,https://lolchess.gg/profile/KR/카오베
몬 터,0,183,0,0,https://lolchess.gg/profile/KR/몬 터
정춘자의골드모험,0,93,0,0,https://lolchess.gg/profile/KR/정춘자의골드모험
퐁당이는퐁당퐁당,0,226,0,0,https://lolchess.gg/profile/KR/퐁당이는퐁당퐁당
너왜우리팀이니,0,137,0,0,https://lolchess.gg/profile/KR/너왜우리팀이니
터득할수있는놈,0,172,0,0,https://lolchess.gg/profile/KR/터득할수있는놈
김끼링,0,101,0,0,https://lolchess.gg/profile/KR/김끼링
당신은 소인배,0,184,0,0,https://lolchess.gg/profile/KR/당신은 소인배
T1 괴물짬쥐 ,0,100,0,0,https://lolchess.gg/profile/KR/T1 괴물짬쥐 
태의자,0,106,0,0,https://lolchess.gg/profile/KR/태의자
서포터자르반,0,266,0,0,https://lolchess.gg/profile/KR/서포터자르반
언제나 고민중,0,142,0,0,https://lolchess.gg/profile/KR/언제나 고민중
엄과함께,0,224,0,0,https://lolchess.gg/profile/KR/엄과함께
산다는 건,0,107,0,0,https://lolchess.gg/profile/KR/산다는 건
AfreecaTV 하쯔,0,211,0,0,https://lolchess.gg/profile/KR/AfreecaTV 하쯔
비니비니유비닝,0,243,0,0,https://lolchess.gg/profile/KR/비니비니유비닝
기린은 어떻게 울,0,137,0,0,https://lolchess.gg/profile/KR/기린은 어떻게 울
엄준식사냥꾼,0,140,0,0,https://lolchess.gg/profile/KR/엄준식사냥꾼
MaeSilJuice,0,205,0,0,https://lolchess.gg/profile/KR/MaeSilJuice
블랑한잔해요,0,112,0,0,https://lolchess.gg/profile/KR/블랑한잔해요
체크지지,0,189,0,0,https://lolchess.gg/profile/KR/체크지지
운이매판좋은사람,0,191,0,0,https://lolchess.gg/profile/KR/운이매판좋은사람
만보초,0,106,0,0,https://lolchess.gg/profile/KR/만보초
Odyssey Control,0,220,0,0,https://lolchess.gg/profile/KR/Odyssey Control
나무돌0I,0,187,0,0,https://lolchess.gg/profile/KR/나무돌0I
잭스에진심인남자,0,152,0,0,https://lolchess.gg/profile/KR/잭스에진심인남자
필통이,0,146,0,0,https://lolchess.gg/profile/KR/필통이
pcq,0,179,0,0,https://lolchess.gg/profile/KR/pcq
랑수민,0,213,0,0,https://lolchess.gg/profile/KR/랑수민
상하는 못참아,0,191,0,0,https://lolchess.gg/profile/KR/상하는 못참아
군침도둑,0,168,0,0,https://lolchess.gg/profile/KR/군침도둑
Ooolong tea,0,102,0,0,https://lolchess.gg/profile/KR/Ooolong tea
TFT SMOKER,0,153,0,0,https://lolchess.gg/profile/KR/TFT SMOKER
cooma,0,198,0,0,https://lolchess.gg/profile/KR/cooma
예콤이,0,162,0,0,https://lolchess.gg/profile/KR/예콤이
매우즐겜,0,186,0,0,https://lolchess.gg/profile/KR/매우즐겜
소울트리,0,84,0,0,https://lolchess.gg/profile/KR/소울트리
시비걸면들이박음,0,106,0,0,https://lolchess.gg/profile/KR/시비걸면들이박음
운명처럼찾아온너,0,137,0,0,https://lolchess.gg/profile/KR/운명처럼찾아온너
못먹어도일단고,0,247,0,0,https://lolchess.gg/profile/KR/못먹어도일단고
LinkHodler,0,213,0,0,https://lolchess.gg/profile/KR/LinkHodler
아영이남푠,0,224,0,0,https://lolchess.gg/profile/KR/아영이남푠
S0YA,0,134,0,0,https://lolchess.gg/profile/KR/S0YA
고스턴건,0,231,0,0,https://lolchess.gg/profile/KR/고스턴건
Acro OHMYEYE,0,69,0,0,https://lolchess.gg/profile/KR/Acro OHMYEYE
자 꿍,0,201,0,0,https://lolchess.gg/profile/KR/자 꿍
카운팅 스탈,0,155,0,0,https://lolchess.gg/profile/KR/카운팅 스탈
세이아스,0,250,0,0,https://lolchess.gg/profile/KR/세이아스
202008190717,0,118,0,0,https://lolchess.gg/profile/KR/202008190717
임 세,0,136,0,0,https://lolchess.gg/profile/KR/임 세
곽필곤,0,127,0,0,https://lolchess.gg/profile/KR/곽필곤
맘먹은사람,0,148,0,0,https://lolchess.gg/profile/KR/맘먹은사람
빈 서,0,92,0,0,https://lolchess.gg/profile/KR/빈 서
섀 티,0,149,0,0,https://lolchess.gg/profile/KR/섀 티
히 루,0,91,0,0,https://lolchess.gg/profile/KR/히 루
토토로가싫어오,0,106,0,0,https://lolchess.gg/profile/KR/토토로가싫어오
SQQQ페티시,0,307,-47,1,https://lolchess.gg/profile/KR/SQQQ페티시
